date,close,open,high,low,volume,delta_price,abs_delta_price,pct_change_lag1,pct_change_lag5,pct_change_lag10,pct_change_lag20,rolling_volatility_10d,rsi_14,macd_hist,bollinger_pct_b,atr_14,atr_pct_of_price,gap_pct,volatility_acceleration,volume_ratio,range_pct_of_price,target_high_h1,target_low_h1,target_close_h1,target_high_h5,target_low_h5,target_close_h5,target_high_h10,target_low_h10,target_close_h10,target_high_h20,target_low_h20,target_close_h20
2026-01-09,8.800000190734863,10.0,10.74899959564209,8.210000038146973,183100.0,,,,,,,,,,0.5,,,,,,28.852267073452104,16.761356770746126,0.056819481051628706,0.3409060491018634,1.07954846556515,-9.090911061310525,-3.409093002642438,59.20454460480984,4.318183025052691,6.8181751680769676,-21.590909706659545,-29.772730745559805,-23.1818172458775
2026-01-12,8.829999923706055,9.75,10.274999618530273,8.805000305175781,198300.0,0.029999732971191406,0.029999732971191406,0.3409060491018634,,,,,,,0.5,,,10.795452144027795,,,16.64778398704126,7.587769899014196,-3.624005635210825,-3.3975106832045077,9.694223714499927,-5.662514205211277,9.173277764613296,24.371465977803464,8.720277060211945,16.364662596936185,-16.308041559031793,-29.21857243485908,-20.72480112704217
2026-01-13,8.529999732971191,9.359999656677246,9.5,8.510000228881836,161000.0,-0.3000001907348633,0.3000001907348633,-3.3975106832045077,,,,,,,0.5,,,6.002262033415118,,,11.606093811369028,8.792497344413853,-13.24735841709288,-6.682294404078193,20.164130373655876,-4.454866662798307,7.561553082710404,25.087929780946695,5.5099681329661365,13.481835969577682,-15.287220886742725,-25.55685693531997,-24.970688209644678
2026-01-14,7.960000038146973,9.279999732971191,9.279999732971191,7.400000095367432,126700.0,-0.5699996948242188,0.5699996948242188,-6.682294404078193,,,,,,,0.5,,,8.792497344413853,,,23.618085786358982,4.836686269306356,0.5025120811725348,0.5025120811725348,31.658285075536163,15.326636447012065,22.36180558342764,24.786426674605956,-2.1356793401915652,-2.0100483246901613,-12.81407005073284,-20.854269339910015,-19.597989136978665
2026-01-15,8.0,8.1899995803833,8.345000267028809,8.0,52400.0,0.039999961853027344,0.039999961853027344,0.5025120811725348,,,,,,,0.5,,,2.889441471533849,,,4.312503337860107,11.187505722045898,0.0,6.25,69.12499666213989,23.374998569488525,54.499995708465576,13.625001907348633,-11.874997615814209,-11.250001192092896,-14.637500047683716,-21.24999761581421,-18.99999976158142
2026-01-16,8.5,8.0,8.895000457763672,8.0,48900.0,0.5,0.5,6.25,-3.409093002642438,,,,,,0.5,,,0.0,,,10.529417150160846,13.952939650591677,-2.0000008975758266,13.411768744973585,64.82353210449219,8.000003590303306,10.588230806238519,-13.058825100169457,-25.05882487577551,-20.82352918737075,-24.282354467055377,-32.99999798045439,-29.17647081262925
2026-01-20,9.640000343322754,8.600000381469727,9.685999870300293,8.329999923706055,152800.0,1.140000343322754,1.140000343322754,13.411768744973585,9.173277764613296,,,,,,0.5,,,1.176475076114425,,,14.066388986526185,6.3277970430755115,-15.456438503392222,-4.823652863352623,13.921161409075511,-0.4149373488428698,6.587129176269779,-9.751042537137645,-29.875518795347134,-9.958506265115707,-34.75104006391596,-44.813278193020714,-34.75104006391596
2026-01-21,9.175000190734863,9.800000190734863,10.25,8.149999618530273,460800.0,-0.4650001525878906,0.4650001525878906,-4.823652863352623,7.561553082710404,,,,,,0.5,,,1.6597493953715015,,,22.888287060640693,14.22342587871861,0.054497158986088756,6.158033445643429,16.294276343108628,-1.9073589874317731,5.5040883263509865,-3.869215133849613,-18.24523409715628,-17.057220977508358,-31.226160091511158,-34.60490599162118,-34.60490599162118
2026-01-22,9.739999771118164,10.020000457763672,10.479999542236328,9.180000305175781,323300.0,0.5649995803833008,0.5649995803833008,6.158033445643429,22.36180558342764,,,,,,0.5,,,9.209811983242355,,,13.347015067858727,38.91170483485473,1.3347034650494027,26.899383440727775,1.981517908809538,-20.02053239310574,-19.917860636259398,-18.377823448834985,-33.26488549543578,-29.158108239100056,-35.21560481458671,-38.295684085094386,-37.268990994925154
2026-01-23,12.359999656677246,10.0,13.529999732971191,9.869999885559082,314400.0,2.619999885559082,2.619999885559082,26.899383440727775,54.499995708465576,,,,,,0.5,,,2.6694069300988055,,,29.611650073427526,13.349519563402335,-25.728150807702754,-23.948221038565244,-26.45630740226439,-42.96116192101802,-42.556633480188374,-40.45307169941296,-50.566340588742676,-50.16181214791304,-42.2330091843623,-49.83818785208696,-46.92556533174634
2026-01-26,9.399999618530273,13.899999618530273,14.010000228881836,9.180000305175781,460600.0,-2.9600000381469727,2.9600000381469727,-23.948221038565244,10.588230806238519,6.8181751680769676,,13.383841443409986,,,0.5,,,12.45954696302174,,,51.382979996984766,16.829795708749472,2.127667777190023,9.30851101605481,-21.382976953343203,-32.23404102057765,-28.40425221074905,-26.595740687420655,-34.255318307077864,-28.08510102962336,-28.723403391874736,-34.574464415467624,-34.574464415467624
2026-01-27,10.274999618530273,9.800000190734863,10.982000350952148,9.600000381469727,202100.0,0.875,0.875,9.30851101605481,6.587129176269779,16.364662596936185,,13.598410528632028,,,0.5,,,4.255325408908162,,,13.45012185684248,3.8442868362867477,-12.408755872174403,-5.790747790213546,-15.328465866069042,-34.20924107198381,-15.52310824886084,-28.077857510006854,-39.17274713345446,-31.87347678946898,-31.87347678946898,-40.04866105977306,-35.863743092474024
2026-01-28,9.680000305175781,10.670000076293945,10.670000076293945,9.0,188900.0,-0.5949993133544922,0.5949993133544922,-5.790747790213546,5.5040883263509865,13.481835969577682,,13.731559392272514,,,0.5,,,3.8442868362867477,,,17.25206635996712,2.6136291089766006,-19.52479631960542,-19.421488173256606,-8.884303545855577,-22.51033377023701,-21.384298619852025,-25.351243756783106,-34.40082949958897,-33.884298619852025,-20.454549932730494,-30.991739486135074,-21.5909099865461
2026-01-29,7.800000190734863,9.729999542236328,9.932999610900879,7.789999961853027,219400.0,-1.880000114440918,1.880000114440918,-19.421488173256606,-19.917860636259398,-2.0100483246901613,,15.156756623585174,,,0.5,,,0.5165210277298549,,,27.474353803136932,16.5384606449797,-9.615384380257819,-8.974362422885351,1.923071985414171,-16.666668704432254,-11.538462478968736,-11.02564246775205,-19.230768760515637,-17.948718732473946,0.615382790800667,-20.512824901854078,-19.102566814359847
2026-01-30,7.099999904632568,9.09000015258789,9.09000015258789,7.050000190734863,282200.0,-0.7000002861022949,0.7000002861022949,-8.974362422885351,-42.556633480188374,-11.250001192092896,,15.474168621980875,43.580059000318045,,0.5,1.8886428219931466,26.600603483964207,16.5384606449797,,,28.73239421485033,4.084506559835432,-10.281690547589728,-5.211266063787779,3.6619751038615256,-13.943658935434833,-13.239437603472826,-3.8169001702442973,-11.267601755539825,-8.732392871647054,2.112677427918852,-11.549291631527915,-0.9859112079500965
2026-02-02,6.730000019073486,7.019999980926514,7.389999866485596,6.369999885559082,120900.0,-0.36999988555908203,0.36999988555908203,-5.211266063787779,-28.40425221074905,-20.82352918737075,,15.376295643437016,42.3068235264325,,0.5,1.8265969047741013,27.141112921208688,-1.126759503952346,,,15.156017504245659,29.271913590021924,0.44576834655758457,28.974744139313536,2.5260040982488574,-8.172365366658374,0.44576834655758457,-4.3685014552744095,-15.378898134900698,-10.549777654305537,12.377417247320421,1.2481442851137503,4.90341638589602
2026-02-03,8.680000305175781,6.760000228881836,8.699999809265137,6.760000228881836,137200.0,1.950000286102295,1.950000286102295,28.974744139313536,-15.52310824886084,-9.958506265115707,,17.644279067209254,50.51282106015296,,0.5,1.836839968018212,21.16175003960456,0.44576834655758457,,,22.350224794652394,1.612896137399411,-13.582953182063894,-12.327190484352268,-14.861755683591094,-27.99539423664307,-19.354841545040237,-27.534565199238813,-38.709677596565015,-27.534565199238813,-16.9354863519102,-26.728111637023655,-26.728111637023655
2026-02-04,7.610000133514404,8.819999694824219,8.819999694824219,7.500999927520752,87200.0,-1.070000171661377,1.070000171661377,-12.327190484352268,-21.384298619852025,-17.057220977508358,,18.042251611362047,46.59636860338795,,0.5,1.799851382252873,23.65113470006835,1.612896137399411,,,17.332453931171408,4.467801179836717,-14.5860724578173,-9.329829509728071,-5.0459959871741455,-16.55716434659181,-15.900131628357517,-17.082788014807893,-21.156374576446733,-21.156374576446733,-7.21419518504759,-21.156374576446733,-18.396847185348108
2026-02-05,6.900000095367432,7.289999961853027,7.949999809265137,6.5,112700.0,-0.7100000381469727,0.7100000381469727,-9.329829509728071,-11.538462478968736,-29.158108239100056,,18.078292650930283,44.15021744788227,,0.5,1.7748619841823206,25.722637096395683,-4.204995611657059,,,21.014489698900835,6.666667127378889,-11.449274651219543,-10.724641126485611,0.5797095840604838,-8.69565067159057,-7.246376711439373,-8.550726730917136,-12.898548611370742,-11.449274651219543,-3.2753667516934093,-13.043479462727536,-12.898548611370742
2026-02-06,6.159999847412109,6.900000095367432,7.360000133514404,6.110000133514404,68000.0,-0.7400002479553223,0.7400002479553223,-10.724641126485611,-13.239437603472826,-50.16181214791304,,15.063425961489875,41.69348644142053,,0.06182658966493897,1.737371842455012,28.204089050179164,0.0,,0.34863749391166143,20.292208294861243,12.012991335806689,0.3246750230832429,9.740266174223922,10.860392294559041,2.2727329024459175,5.194808110195215,15.909091612805737,0.649350046166508,6.493508202528231,11.607145621736837,-2.597400184666032,6.00649953833492
2026-02-09,6.760000228881836,6.179999828338623,6.900000095367432,6.179999828338623,85200.0,0.6000003814697266,0.6000003814697266,9.740266174223922,0.44576834655758457,-28.08510102962336,-23.1818172458775,14.28701389995563,44.395212372855895,,0.20009304662279176,1.6661310142764627,24.646907660712543,0.3246750230832429,1.3138708435945283,0.44806731527741256,10.650891163474162,9.319520950785055,-7.544381828611191,3.550292351955475,-4.792904550465316,-15.754438182861119,-10.946748859470457,-0.8875801417927431,-9.023670308592635,-9.023670308592635,9.023663254788762,-0.784030300884242,6.95265938281473
2026-02-10,7.0,6.420000076293945,7.389999866485596,6.25,64900.0,0.23999977111816406,0.23999977111816406,3.550292351955475,-19.354841545040237,-31.87347678946898,-20.72480112704217,13.873840021287808,45.483383248831906,,0.2629733166699317,1.6285502180056866,23.26500311436695,-5.029587885740794,0.7223012242657274,0.3537170263788969,16.285712378365652,3.2285690307617188,-9.285715648106162,-8.571427209036687,-10.1428576878139,-23.99999754769462,-10.1428576878139,0.0,-12.000002179827007,-5.8571406773158525,4.471431459699349,-4.142856597900391,-4.142856597900391
2026-02-11,6.400000095367432,7.139999866485596,7.22599983215332,6.349999904632568,102000.0,-0.5999999046325684,0.5999999046325684,-8.571427209036687,-15.900131628357517,-33.884298619852025,-24.970688209644678,13.964639473464127,43.206906982227636,,0.19239567217255832,1.5747966258281914,24.606196911904583,1.9999980926513672,0.6662120791053657,0.5650030465850551,13.687498663552125,8.437499278225014,-1.5624984866008385,0.0,-1.4062523632309976,-6.25000139698384,-6.25000139698384,20.312495226971873,4.374995762482348,18.59375061700119,6.718747217673848,-4.687502910383001,0.9374990919605031
2026-02-12,6.400000095367432,6.309999942779541,6.940000057220459,6.300000190734863,75800.0,0.0,0.0,0.0,-7.246376711439373,-17.948718732473946,-19.597989136978665,12.761181546535365,43.20690698222762,,0.21498124762724025,1.5080254287322918,23.562896972827534,-1.4062523632309976,0.6210420008084172,0.42587858527403993,9.999997764825855,6.703123350394913,-1.5624984866008385,1.2499987892806708,-1.4062523632309976,-6.093747823033513,-4.5312493364326745,22.6249989476055,-3.125004423782163,-1.4062523632309976,5.4687484283931775,-2.812504726461995,-2.812504726461995
2026-02-13,6.480000019073486,6.349999904632568,6.828999996185303,6.300000190734863,43600.0,0.07999992370605469,0.07999992370605469,1.2499987892806708,5.194808110195215,-8.732392871647054,-18.99999976158142,12.483428291989599,43.64308655511337,,0.2464972777544402,1.4380950270693023,22.19282442648699,-0.7812529685906622,0.48389906856636933,0.2455715452420513,8.163577220576554,-0.6790146395629915,-12.114195140455397,-7.098765999891832,10.185182800454328,-4.3209908793855885,1.2345667202249944,11.882715720062741,-3.086416800562486,8.487657239444001,2.7777751205062318,-9.259257760285578,-8.796298919500245
2026-02-17,6.019999980926514,6.349999904632568,6.435999870300293,5.695000171661377,69500.0,-0.46000003814697266,0.46000003814697266,-7.098765999891832,-10.946748859470457,-10.549777654305537,-29.17647081262925,12.58042014390041,41.661741133382904,,0.20609130766402076,1.3914453713795027,23.113710561264007,-2.0061745996646674,0.3909435131887697,0.3891922161556769,12.30896513266885,4.485049531261942,-11.627903845232279,4.485049531261942,11.295678247393726,2.1594703463921006,2.1594703463921006,25.631232992378926,13.189371283868212,17.275746929370683,5.481726324777592,-1.827244748553547,-0.16610883847775204
2026-02-18,6.289999961853027,6.010000228881836,6.289999961853027,5.320000171661377,61100.0,0.26999998092651367,0.26999998092651367,4.485049531261942,-10.1428576878139,-27.534565199238813,-34.75104006391596,7.62152170018913,43.28916736217819,,0.27008394078978826,1.3613421155803704,21.64295904350563,-0.16610883847775204,0.42067905829498575,0.35116960744870396,15.421300414537514,0.31796472254066455,-4.610492267278065,-4.610492267278065,11.287759021508915,-2.0667744869527827,4.769478418986872,14.626392398624333,1.112880319330789,1.112880319330789,-3.100161730429174,-11.128772869800107,-10.015900131346278
2026-02-19,6.0,6.019999980926514,6.309999942779541,6.0,37000.0,-0.28999996185302734,0.28999996185302734,-4.610492267278065,-6.25000139698384,-21.156374576446733,-34.60490599162118,6.919601515899945,41.93599327533363,,0.253175833628992,1.286246246094597,21.43743743490995,-4.292527544737412,0.34828366005160755,0.24214659685863874,5.16666571299235,5.166665712992358,0.1666704813639397,1.8333355585734123,28.333330154418945,11.333330472310376,26.50000254313152,17.683331171671558,0.0,3.500000635782885,-4.1666666666666625,-15.00000158945719,-13.333336512247717
2026-02-20,6.110000133514404,6.150000095367432,6.309999942779541,6.010000228881836,30800.0,0.1100001335144043,0.1100001335144043,1.8333355585734123,-4.5312493364326745,-11.449274651219543,-37.268990994925154,6.517993425058428,42.66806060858831,,0.2915041590924853,1.2165143672863787,19.910218342117336,2.5000015894572014,0.3648132668223961,0.2229057354803691,4.909978843570803,16.857605735906045,1.4729897509669243,7.364972167460526,28.445169854308695,1.4729897509669243,3.2733192290472113,9.230763347596561,-1.8003294780802759,-1.6366596145236056,-12.602290738144683,-23.89525378467049,-20.13093276916189
2026-02-23,6.559999942779541,6.300000190734863,7.139999866485596,6.199999809265137,125100.0,0.4499998092651367,0.4499998092651367,7.364972167460526,1.2345667202249944,6.493508202528231,-46.92556533174634,6.0145051954753255,45.68500675166883,,0.36969685062736507,1.2031918934067225,18.34133999850185,3.1096571696991537,0.5228822509499494,0.9719524512469894,14.329269289934949,2.134144324798215,-6.249997728481505,-6.249997728481505,10.518293646937128,-4.26828864959643,7.164638279397062,4.801830182440359,-8.536584568052042,-0.4573130065986031,-19.969511497045534,-25.609753704156123,-23.78048714004337
2026-02-24,6.150000095367432,6.480000019073486,6.699999809265137,6.150000095367432,64500.0,-0.4099998474121094,0.4099998474121094,-6.249997728481505,2.1594703463921006,-9.023670308592635,-34.574464415467624,5.473087216449521,43.44196953334847,,0.30770041344096827,1.1565353091560784,18.805451889785395,-1.2195110427418387,0.5530446225806529,0.592259308571691,8.943084640144958,13.821136446369199,0.16259759170100807,7.154472364185738,22.975611136589812,10.796748358303955,14.796745256924115,19.837394654849373,9.056905280370554,17.560974096887882,-13.821136446369199,-20.975608810554924,-16.09756475778029
2026-02-25,6.590000152587891,6.340000152587891,7.0,6.159999847412109,70300.0,0.440000057220459,0.440000057220459,7.154472364185738,4.769478418986872,-5.8571406773158525,-35.863743092474024,5.894212162795995,46.47894426958399,,0.4235133103621226,1.1346399231186848,17.217600862620802,3.089431776815399,0.6107748816545086,0.6870937790157846,12.746587756269214,16.843696979905975,1.3657006626227375,15.17450647717058,9.408192279261307,-3.4901367791799753,-3.4901367791799753,10.971168935514243,1.8209390406760173,1.8209390406760173,-17.450683895899864,-20.19727309932279,-19.575112776688552
2026-02-26,7.590000152587891,6.699999809265137,7.699999809265137,6.679999828338623,69100.0,1.0,1.0,15.17450647717058,26.50000254313152,18.59375061700119,-21.5909099865461,6.945701516495046,52.695898244717554,,0.8022437843055424,1.1328799040871533,14.925953640473722,1.6691905027354181,0.7155412868675367,0.717363093693226,13.438734656398314,3.3992080608220565,-18.31357464266742,-16.864297550401496,-6.969700548783642,-20.94861819002419,-18.181819324079886,-10.013178044834504,-19.631096416345805,-14.888011748664232,-30.03952785206413,-33.59683978221547,-32.806326718008435
2026-02-27,6.309999942779541,7.820000171661377,7.8480000495910645,6.199999809265137,120700.0,-1.2800002098083496,1.2800002098083496,-16.864297550401496,3.2733192290472113,-1.4062523632309976,-19.102566814359847,9.16063788356021,45.4227689227862,0.2881477390442766,0.35183303200317767,1.1696742138184943,18.536833984553976,3.0303032206799863,1.1764280078203342,1.3207134259765838,26.117278213476297,14.896989948408645,-0.4754315886408178,11.410463923263524,5.768618809797821,-4.9128359047652665,-4.7543536706524225,6.973059607139076,-1.4263098796201579,-1.4263098796201579,-16.79873141666961,-24.405704846562337,-24.405704846562337
2026-03-02,7.03000020980835,6.309999942779541,7.25,6.28000020980835,68100.0,0.7200002670288086,0.7200002670288086,11.410463923263524,7.164638279397062,8.487657239444001,-0.9859112079500965,9.824077181099264,49.633822702741945,0.30062766676041175,0.6328783707868386,1.1554117549880054,16.435444103912822,0.0,1.2176454347475096,0.8440230526120097,13.798005138581559,7.581791983831754,-3.072547278267168,0.4267387208514606,-2.204839334031472,-14.651496146063836,-7.1123753211613465,-5.263162892655549,-16.358464595249032,-15.931725874397573,-28.733996026176257,-37.553346579412484,-36.557611592609604
2026-03-03,7.059999942779541,7.360000133514404,7.563000202178955,6.814000129699707,117600.0,0.029999732971191406,0.029999732971191406,0.4267387208514606,14.796745256924115,17.275746929370683,4.90341638589602,9.391341162415015,49.80759745932213,0.3033392592465447,0.6370494359114278,1.1263823490945228,15.954424337446426,4.694166626704144,1.1594327092004746,1.4605067064083457,10.609066268410828,2.124647260384771,-9.915011543038975,-9.915011543038975,4.39093406929254,-5.000002363923606,2.4079331114982283,-10.056657845629434,-16.28895332419328,-14.872517314558465,-17.98866843087411,-36.260622712861704,-21.246459095712765
2026-03-04,6.360000133514404,7.019999980926514,7.210000038146973,6.360000133514404,43900.0,-0.6999998092651367,0.6999998092651367,-9.915011543038975,-3.4901367791799753,1.112880319330789,-26.728111637023655,10.050929959369965,45.83385849789525,0.25250786539126313,0.3770505347714323,1.106640745918669,17.40001136300546,-0.5665717022269479,1.5381755962531751,0.5787357458308615,13.364778094161393,11.02200820864654,-5.660379338946264,-2.3584920160142353,14.98427749462865,5.503143039073577,5.503143039073577,-4.166671977352932,-12.106917684937656,-11.0062935755866,-3.1446585204987887,-13.522014394034077,-9.905661968796108
2026-03-05,6.210000038146973,6.510000228881836,7.060999870300293,6.0,44700.0,-0.15000009536743164,0.15000009536743164,-2.3584920160142353,-18.181819324079886,3.500000635782885,-18.396847185348108,9.946585298173002,45.00525780566216,0.20530561099701217,0.310953977013036,1.1033806833744992,17.767804776113035,2.3584920160142353,1.263899494606741,0.6062661060626611,17.08534402226653,7.471815545566973,-3.3816431055874063,-3.220608825065574,9.983895036240398,-1.7713386930546249,4.0257648706005345,-7.40740797618793,-17.87439817545672,-16.264093762923938,-5.152981798642031,-16.50563750516958,-8.373590623707605
2026-03-06,6.010000228881836,6.349999904632568,6.673999786376953,6.0,49500.0,-0.19999980926513672,0.19999980926513672,-3.220608825065574,-4.7543536706524225,-1.6366596145236056,-12.898548611370742,10.016268701454626,43.86654288590721,0.15919365313317324,0.2189293717119641,1.072710619303246,17.848761704670093,2.2544261775458985,0.9424748946596075,0.7014312030607907,11.21463828134248,14.392674512078973,-0.1663931530947127,8.652245609369302,12.312807702768458,3.494168940304432,3.494168940304432,-11.148087367354375,-22.628953106835958,-18.8019978603421,7.487517339893013,-11.647258892576284,4.159733618621053
2026-03-09,6.53000020980835,6.039999961853027,6.875,6.0,49400.0,0.5199999809265137,0.5199999809265137,8.652245609369302,-7.1123753211613465,-0.4573130065986031,6.00649953833492,10.124947766150902,47.5802298965118,0.1617682070618469,0.5227333920749038,1.058588432210157,16.211154643151623,0.49916359115966813,0.8298293557518442,0.7093624353819644,13.399693290755355,12.863700593592874,2.7105599272929215,10.71975171170294,1.9908060249139714,-9.95405933358322,-9.494645367162047,-19.601840255467874,-25.26799452301791,-23.430324052826546,-2.1439561841432586,-12.710572341123594,-10.719759013956287
2026-03-10,7.230000019073486,6.739999771118164,7.369999885559082,6.706999778747559,65400.0,0.6999998092651367,0.6999998092651367,10.71975171170294,2.4079331114982283,17.560974096887882,6.95265938281473,10.303159579978393,52.16780412864816,0.20584202706231713,0.9107333260855087,1.0429749496059124,14.425656249715585,3.215919671708223,1.0620101131759596,0.9526584122359796,9.17012593447387,1.1479969970471071,-7.192254212374827,-7.192254212374827,-12.171509157944493,-18.25726373691674,-16.874132599905465,-26.69432673924045,-32.780081318212694,-28.630707692953017,-11.479943589438857,-20.4702630037219,-19.778697435216262
2026-03-11,6.710000038146973,7.139999866485596,7.313000202178955,6.710000038146973,20500.0,-0.5199999809265137,0.5199999809265137,-7.192254212374827,5.503143039073577,1.8209390406760173,-4.142856597900391,10.52049394735028,48.75436923127797,0.19528966850393759,0.6230528636516909,1.0115481792077745,15.075233583562284,-1.2448153852069321,0.9477993343189225,0.3085955140749661,8.9865895768088,1.7883738431724527,-9.090911029008897,-3.7257823931255873,-9.165428382399233,-16.69150341567479,-15.648288893673845,-18.926974272823337,-21.624444193352844,-21.013410423191203,-7.600599493031856,-24.73919281631678,-24.44113050912138
2026-03-12,6.460000038146973,6.670000076293945,6.829999923706055,6.099999904632568,32100.0,-0.25,0.25,-3.7257823931255873,4.0257648706005345,-14.888011748664232,0.9374990919605031,9.248724515020756,47.15681753675096,0.1678375149383735,0.47334503225076674,0.9914375963410397,15.347331122082004,-0.5961246143908139,0.9932289440828244,0.5100500516405816,11.30030982604892,4.489163469667923,-3.71517409501696,-3.71517409501696,-10.990712599912511,-21.05263352141582,-19.504647390733798,-17.801858956293515,-21.981425199825033,-21.05263352141582,-13.622292712762007,-21.439631899431355,-19.04024786083913
2026-03-13,6.21999979019165,6.449999809265137,6.75,6.21999979019165,32700.0,-0.24000024795532227,0.24000024795532227,-3.71517409501696,3.494168940304432,-1.4263098796201579,-2.812504726461995,7.554931658723446,45.611657050717305,0.13148760968584572,0.33806727901187095,0.9584777830172762,15.409611179227124,-0.15480230375826132,0.9953653055629094,0.5380059230009872,8.520903982088708,7.073956142479254,-5.466232913494295,-4.983922077752823,-14.147904618765994,-25.24115350132261,-21.543403873803733,-15.594852458375453,-23.31189482597168,-23.31189482597168,-10.771698103805615,-18.488740471401844,-16.077170960309438
2026-03-16,5.909999847412109,6.300000190734863,6.659999847412109,5.880000114440918,57300.0,-0.309999942779541,0.309999942779541,-4.983922077752823,-9.494645367162047,-15.931725874397573,-8.796298919500245,6.540501814309593,43.6233531834893,0.08669938430141855,0.18670569077908497,0.9457293508711272,16.00218909117648,1.286180116426472,0.8644167311975062,0.9322378589441145,13.197965365646166,7.445009620653842,0.0,1.6920538756615144,-11.167510396825342,-17.428083918178295,-15.397628949357467,-15.228420334466986,-25.719120476662894,-24.53468437736199,-7.10660045918371,-13.705583142006795,-9.8138737509448
2026-03-17,6.010000228881836,5.940000057220459,6.349999904632568,5.909999847412109,31800.0,0.10000038146972656,0.10000038146972656,1.6920538756615144,-16.874132599905465,-14.872517314558465,-0.16610883847775204,6.594605067399244,44.464367437038064,0.06493771354319688,0.2434760709496304,0.9096058298960795,15.134871801249702,0.5076177763606138,0.40458104522011296,0.5337361530715005,7.321132120860523,1.4143021309939163,-6.9883537487333225,-5.823633413319262,-11.813644111608767,-19.134776232469296,-14.143100650561369,-3.660570027461374,-25.12479486482103,-7.487525273955232,-9.417644592730301,-18.13644111608771,-17.470884371833318
2026-03-18,5.659999847412109,6.039999961853027,6.09499979019165,5.590000152587891,25700.0,-0.35000038146972656,0.35000038146972656,-5.823633413319262,-15.648288893673845,-11.0062935755866,-10.015900131346278,6.117616957278292,42.097303763150165,0.029883420275111927,0.09429780058860494,0.8807053875894854,15.56016627795786,0.49916359115966813,0.36076413072221947,0.44455976474658365,8.922255321873514,1.5901087458339846,-9.893992188632073,-8.12720937364152,-3.886922192979203,-7.084806249094344,-6.360418133965973,8.833922499637747,-2.826852503984878,1.2367521828358763,-4.593635318975419,-16.85512406191132,-10.60070531462829
2026-03-19,5.199999809265137,5.5,5.75,5.099999904632568,41000.0,-0.46000003814697266,0.46000003814697266,-8.12720937364152,-19.504647390733798,-16.264093762923938,-13.333336512247717,6.519218726346947,39.14760887041629,-0.018752858753164847,-0.05157946931814932,0.864226438145053,16.619739804705596,-2.826852503984878,0.44247680366814035,0.7067746940182728,12.500002292486423,2.6923143934218574,-10.5769179629149,-6.153840510802655,2.1153872605612634,-3.0769202554013275,-1.923075159625831,13.269232356336747,-0.2884589814574512,9.423082037085084,4.807692484037407,-2.6923052234761657,1.3461571967109176
2026-03-20,4.880000114440918,5.199999809265137,5.340000152587891,4.650000095367432,33600.0,-0.31999969482421875,0.31999969482421875,-6.153840510802655,-21.543403873803733,-18.8019978603421,-20.13093276916189,6.665951815276581,37.19513455698569,-0.06437523281189655,-0.07432479667786618,0.8517816966504391,17.454542554821728,0.0,0.44810055130712756,0.5778159931212382,14.13934510326358,7.581964690209264,0.0,2.459013990675496,7.581964690209264,-2.2541010437457043,-2.2541010437457043,32.37704685765297,8.811471685547012,28.27869020652716,13.31967377303842,7.7868874083920625,13.31967377303842
2026-03-23,5.0,4.880000114440918,5.25,4.880000114440918,31500.0,0.11999988555908203,0.11999988555908203,2.459013990675496,-15.397628949357467,-23.430324052826546,-23.78048714004337,5.813333662926061,38.435154957922435,-0.07749047991103919,0.0472156450434222,0.8173687101439137,16.347374202878274,0.0,0.5989525125048472,0.5891153918084907,7.3999977111816415,6.0000038146972745,-2.799997329711912,3.1999969482421786,0.2000045776367143,-12.20000267028809,-10.799999237060543,27.79999732971192,13.999996185302743,16.5999984741211,12.399997711181632,1.9999980926513672,3.400001525878915
2026-03-24,5.159999847412109,4.880000114440918,5.300000190734863,4.860000133514404,27000.0,0.15999984741210938,0.15999984741210938,3.1999969482421786,-14.143100650561369,-28.630707692953017,-16.09756475778029,4.1693482993018245,40.13242379148127,-0.0668140460780714,0.1433032541122258,0.7904138063636669,15.318097475527686,-2.399997711181645,0.6521442074704903,0.5233065219498013,8.527133144027744,5.426360815665099,1.9186042643289491,2.7131850283477865,12.209304904473628,-12.790695095526383,7.75194006193709,24.031013267901912,11.434111822382963,12.403107795511525,5.81395735671042,0.0,0.1938028910378975
2026-03-25,5.300000190734863,5.309999942779541,5.440000057220459,5.258999824523926,11100.0,0.1400003433227539,0.1400003433227539,2.7131850283477865,-6.360418133965973,-21.013410423191203,-19.575112776688552,4.2998910685796305,41.64830625203032,-0.04290916276419621,0.22058387681182387,0.7539556923240013,14.225578588506856,2.90697867835521,0.6893214613989881,0.22823069805695487,3.4150986072216893,0.18867456009075134,-4.905664519340069,-3.7735901680140183,16.22640803260054,3.773581171086837,8.11320401630027,16.981124266817904,-4.7169809623221255,-4.339622845213443,-0.18868355701793238,-5.660380753557426,-2.4528322596700347
2026-03-26,5.099999904632568,5.210000038146973,5.309999942779541,5.039999961853027,6200.0,-0.20000028610229492,0.20000028610229492,-3.7735901680140183,-1.923075159625831,-21.05263352141582,-32.806326718008435,4.301744675203232,40.086738696831205,-0.03356632428247397,0.1760998218452995,0.7193874272241807,14.105636091693402,-1.6981160254526673,0.6161386445312402,0.13629369092108157,5.294117372066224,2.9411783955364257,-6.470586860331117,-6.470586860331117,15.49019562011038,1.6666674458123643,11.568630659227374,9.411765255867554,-0.49019795754746687,2.549021899448123,3.3333348916247285,-1.960782480441492,-1.7646995575231528
2026-03-27,4.769999980926514,5.034999847412109,5.25,4.769999980926514,9400.0,-0.3299999237060547,0.3299999237060547,-6.470586860331117,-2.2541010437457043,-23.31189482597168,-24.405704846562337,4.490053495492423,37.582817407622315,-0.042060229145581274,0.11210398793512578,0.7022883266419883,14.72302577463695,-1.2745109497240614,0.7172904476085888,0.23544145272385722,10.062893521862284,5.031451759224215,-7.96645945409643,-6.498950608367238,35.42977073329459,11.32075396252179,31.23690259776286,16.352205721746028,6.289312199883734,9.433958303239454,13.207549621804148,3.396230187391014,6.561849128522601
2026-03-30,4.460000038146973,4.800000190734863,5.010000228881836,4.389999866485596,30200.0,-0.309999942779541,0.309999942779541,-6.498950608367238,-10.799999237060543,-24.53468437736199,-36.557611592609604,4.606228423054132,35.349087725066575,-0.059916378824389493,0.06467150950501685,0.6964106149101491,15.614587644700823,0.6289352186228392,0.8684175436153965,0.7941099132264002,13.901353298055938,29.820625837004222,0.896860123562826,24.66367478080993,43.27353838186274,27.802685213279844,30.71748596056707,23.094164218866965,14.349772668421345,19.50672372461564,21.076234286558602,10.08968173578988,18.834083977651517
2026-03-31,5.559999942779541,4.559999942779541,5.789999961853027,4.5,64200.0,1.0999999046325684,1.0999999046325684,24.66367478080993,7.75194006193709,-7.487525273955232,-21.246459095712765,9.813101761418466,47.31495887267262,0.007414904487475504,0.43878389270343177,0.7416669941098567,13.339334563717358,2.242150308907087,1.612325366618747,1.8156108597285068,23.20143840160066,10.791365302292032,-1.0791356726084111,3.0575553604944794,15.107916568933621,3.4172672513639313,4.316551266641588,-2.086334112767696,-11.51078908403097,-10.791365302292032,5.7553988301194625,-5.575538596580754,2.6978434696250053
2026-04-01,5.730000019073486,5.639999866485596,6.159999847412109,5.5,53700.0,0.1700000762939453,0.1700000762939453,3.0575553604944794,8.11320401630027,1.2367521828358763,-9.905661968796108,9.666609166172192,48.889383716702895,0.06524308684958247,0.508643801966569,0.7358336264885891,12.8417735434418,1.4388475634778741,1.6624714747081628,1.497907949790795,11.518321906023802,2.7923184446687177,-9.511345104359513,-0.6980796111671794,8.202439592097011,-11.867361711607394,-11.518321906023798,-5.759160953011899,-17.870858018116653,-11.692845969698284,2.9668425083432037,-2.0593373494727896,-0.6980796111671794
2026-04-02,5.690000057220459,5.550000190734863,5.889999866485596,5.184999942779541,18200.0,-0.039999961853027344,0.039999961853027344,-0.6980796111671794,11.568630659227374,9.423082037085084,-8.373590623707605,9.20371036213502,48.521959240512054,0.10053304673766816,0.5037549069384503,0.7336312191469795,12.893342913345334,-3.1413582502522908,1.6300938268040934,0.5271542360608255,12.390156706789986,13.5325127097214,-6.678385072399218,10.017577608598828,-1.9332184957505771,-10.808440101417983,-8.084359112848249,-4.217930501613409,-11.072058138935592,-7.381372092623728,2.6362055159750986,-1.2302314755260557,-0.35149351011225516
2026-04-06,6.260000228881836,5.929999828338623,6.460000038146973,5.309999942779541,54000.0,0.570000171661377,0.570000171661377,10.017577608598828,31.23690259776286,28.27869020652716,4.159733618621053,9.17897289800744,53.8451382181316,0.15854617570583096,0.7008272330535071,0.7633718531627262,12.194438103065053,4.217922121347084,1.465308708630932,1.5539568345323742,18.370607880518325,2.0766714512881146,-8.945693277022881,-6.869014208528046,-11.341853229832754,-19.009584883561857,-16.613424930751975,-11.661341731354524,-15.974440310501725,-11.661341731354524,-7.316296587217175,-12.140578292240534,-11.501601289197005
2026-04-07,5.829999923706055,6.329999923706055,6.389999866485596,5.699999809265137,24400.0,-0.43000030517578125,0.43000030517578125,-6.869014208528046,30.71748596056707,16.5999984741211,-10.719759013956287,9.685061925629455,49.672209215667976,0.16358154969646066,0.5634541279666564,0.7581310105954213,13.003962616066165,1.1182059467228278,1.4915736583272647,0.7283582089552239,11.835335613209322,9.77701850978816,-1.3722114022807652,-0.514575186342725,-5.831906638718387,-12.521441314349701,-8.576329443279928,-3.6020590204995817,-12.521441314349701,-11.32075224784147,-3.3447632483030953,-4.9742704227803465,-4.8027399079827005
2026-04-08,5.800000190734863,6.380000114440918,6.400000095367432,5.75,39200.0,-0.029999732971191406,0.029999732971191406,-0.514575186342725,4.316551266641588,12.403107795511525,-19.778697435216262,9.702337071028955,49.38465493845121,0.1603017971946138,0.5924068917025994,0.750407373793422,12.938057743379918,9.433965659217968,0.8050188735702063,1.2177694936315626,11.206897827447765,6.89654492027858,-12.93103405751741,-12.586206811503487,-6.137938133176013,-15.172415267272976,-14.482760775245119,-5.862071403566837,-11.034488315105817,-10.862070581433835,-1.0344899593718315,-8.275862125664347,-1.7241444513996895
2026-04-09,5.070000171661377,5.909999847412109,6.199999809265137,5.050000190734863,64200.0,-0.7300000190734863,0.7300000190734863,-12.586206811503487,-11.518321906023798,-4.339622845213443,-24.44113050912138,10.659786901157322,42.87964840273339,0.10694447139146196,0.295228149367039,0.7789496769889114,15.363898434221534,1.8965457424115817,1.0537034447060067,1.8676363636363635,22.682437467323254,10.059166366409755,0.0986121781948901,3.1558154239604175,6.50887401445428,-7.179493256610514,-0.1972431665334451,4.3392462079455685,-1.380673950518596,1.9723846399752665,19.526622043362842,10.433920858765822,15.77908652487392
2026-04-10,5.230000019073486,5.119999885559082,5.579999923706055,5.074999809265137,25400.0,0.15999984741210938,0.15999984741210938,3.1558154239604175,-8.084359112848249,2.549021899448123,-19.04024786083913,10.609967720482175,44.60203603164346,0.0815505361884673,0.39050989554132287,0.7597389680643233,14.526557653797367,0.9861876174517059,1.0913851245218942,0.7461809635722679,9.655833892910398,6.118550105054621,-3.059270493854682,-0.1912089645385362,4.206496929050196,-3.2504794583932184,0.7648176234636761,0.7648176234636761,-4.397705893588732,-4.206496929050186,14.722752927693517,8.03059416371379,9.75142925783441
2026-04-13,5.21999979019165,5.28000020980835,5.550000190734863,5.070000171661377,36500.0,-0.010000228881835938,0.010000228881835938,-0.1912089645385362,-16.613424930751975,9.433958303239454,-16.077170960309438,10.318557126047669,44.511694134880464,0.06397982663172452,0.40480001868857046,0.7397576145649778,14.171602381191242,0.9560265880022012,0.7859917435545306,1.0663160969909435,9.195403033835433,5.1724136356066985,-2.298848474755899,2.107282335932159,5.938705595337157,0.7662919597304585,5.938705595337157,3.4482818469456777,-5.517234512451797,-2.6245136511998113,10.153261132389634,5.747130321701577,6.321847007796477
2026-04-14,5.329999923706055,5.260000228881836,5.489999771118164,5.099999904632568,39600.0,0.1100001335144043,0.1100001335144043,2.107282335932159,-8.576329443279928,19.50672372461564,-9.8138737509448,9.94289998054868,45.81188327276112,0.05974596879689065,0.4810707123222193,0.7147749182735934,13.410411416602727,0.7662919597304585,0.7962405042953117,1.1875843454790824,7.317070770508025,2.138833869216006,-7.692304939603611,-6.941836601412444,5.440899925030096,-4.315197417743355,-3.0018733527646724,1.3133240649786826,-7.879926497295542,-0.5628467804992376,4.8780531445308695,1.3133240649786826,2.2514050145735043
2026-04-15,4.960000038146973,5.309999942779541,5.443999767303467,4.920000076293945,56600.0,-0.36999988555908203,0.36999988555908203,-6.941836601412444,-14.482760775245119,-10.791365302292032,-17.470884371833318,6.409366249235845,42.22765931815163,0.03332468406945599,0.2901670378524046,0.7011481163261598,14.136050623662994,-0.37523416909558405,0.8292935390281325,1.6365476362584936,10.564509818134695,8.870968827347836,-5.120971471102232,2.0161270940217024,10.080645083760874,4.032254188043427,4.233871704271741,18.54838849230436,5.846773379489112,15.120967625641303,10.88709592136956,7.459675054706483,8.467743408543505
2026-04-16,5.059999942779541,5.25,5.400000095367432,4.705999851226807,65700.0,0.09999990463256836,0.09999990463256836,2.0161270940217024,-0.1972431665334451,-11.692845969698284,-10.60070531462829,6.34522134400748,43.513955081099844,0.024300132321081525,0.3665041640328199,0.7006375540271931,13.846592133404679,5.846773379489112,0.5104948385686362,1.795817958179582,13.715419999775715,7.707507329957841,0.0,4.150198429283303,4.545454973802698,-1.1857696335581758,2.173915706686347,16.60079371713321,10.90909193712648,12.450595287849907,10.671936125682958,2.173915706686347,3.3596853402445115
2026-04-17,5.269999980926514,5.210000038146973,5.449999809265137,5.059999942779541,68500.0,0.21000003814697266,0.21000003814697266,4.150198429283303,0.7648176234636761,-7.381372092623728,1.3461571967109176,6.55682964399168,46.221846423156094,0.03361716431182071,0.4915158231020551,0.6784491477742218,12.87379791707218,2.964428795725116,0.5479707050008402,1.8045310853530032,7.400376999945078,4.933590698725676,-0.1897486163352835,4.933590698725676,0.0,-5.123339315060971,-4.93358165058223,10.815942575414695,6.641364438317043,7.59013466442382,-1.423146291016708,-6.8311221027957725,-4.93358165058223
2026-04-20,5.53000020980835,5.28000020980835,5.53000020980835,5.260000228881836,30700.0,0.26000022888183594,0.26000022888183594,4.933590698725676,5.938705595337157,-11.661341731354524,13.31967377303842,5.798285708063887,49.45276847787134,0.057056206487708816,0.6318031854969822,0.6492742072850998,11.740943628419886,0.1897576644787291,0.6141580586850831,0.8118471506016132,4.882458782689104,1.627480512407642,-7.7757737587985325,-6.509947917829839,-2.3508157234848115,-10.813743705297052,-8.08318281634156,4.918622525286387,-0.5424992526246064,0.18082733571946896,-7.414110464626489,-12.839059877207104,-11.392406700518942
2026-04-21,5.170000076293945,5.460000038146973,5.619999885559082,5.099999904632568,55000.0,-0.3600001335144043,0.3600001335144043,-6.509947917829839,-3.0018733527646724,-11.32075224784147,3.400001525878915,5.759393189798868,45.386802017129924,0.048420920406702705,0.4031205008422098,0.6400403339737721,12.379890222991595,-1.2658258409686929,0.7352783426834263,1.4106181072069761,10.058026561950646,5.6092835120596485,-0.19342802193930142,0.0,4.448743049891002,-5.029017892553189,2.5145089462765835,8.994200110751649,7.15667079495117,7.350098816890482,-1.5473872828915214,-9.864607763167065,-9.477760942444192
2026-04-22,5.170000076293945,5.25,5.460000038146973,5.159999847412109,42700.0,0.0,0.0,0.0,4.233871704271741,-10.862070581433835,0.1938028910378975,5.766883996909447,45.38680201712992,0.042998749145558235,0.4027592648396556,0.61575175231385,11.910091745206405,1.5473872828915214,0.5810243767163074,1.0735386549340038,5.80271153399895,2.321080924337293,-3.2882025877223553,0.0,13.73307597039588,1.5473872828915214,10.444873382673524,11.025139002179984,2.9013557669994805,10.251445360734213,-4.448743049891002,-12.76595430701082,-7.736945637613357
2026-04-23,5.170000076293945,5.0,5.289999961853027,5.0,33900.0,0.0,0.0,0.0,2.173915706686347,1.9723846399752665,-2.4528322596700347,4.081043840984252,45.386802017129924,0.039776732335291165,0.4071528725465924,0.5924837672809342,11.460034014267352,-3.2882025877223553,0.5784470093199212,0.8285469876573384,5.609283512059645,1.9342341036143962,-3.2882025877223553,-3.094774565783054,14.119922791118755,8.5493211941847,10.058026561950651,17.21469735690182,8.297870299557019,13.539647948456569,-7.15667079495117,-17.21469735690182,-16.054156894733175
2026-04-24,5.010000228881836,5.210000038146973,5.269999980926514,5.0,27500.0,-0.15999984741210938,0.15999984741210938,-3.094774565783054,-4.93358165058223,-4.206496929050186,-1.7646995575231528,4.068934984444945,43.40576952229122,0.02780115746406317,0.31162888213789286,0.5694492111127614,11.366251199550438,0.7736936414457718,0.5408750140129662,0.6550738446879466,5.3892209299713745,7.784428117134801,-1.5568875269684201,1.457084848076451,16.566863987774695,12.175641293601092,13.173649047106185,19.760473570659265,12.774447849245618,14.570848480764532,-7.1856310791976075,-12.175650811308403,-11.37724841558726
2026-04-27,5.083000183105469,5.090000152587891,5.400000095367432,4.932000160217285,58900.0,0.07299995422363281,0.07299995422363281,1.457084848076451,-8.08318281634156,-2.6245136511998113,6.561849128522601,4.109404099480795,44.59401561297789,0.02577293995718921,0.34095530908265265,0.5622028342582889,11.060452764233622,1.5968047914422856,0.41559852058485763,1.3249353278596334,9.20715951783069,6.236472572155027,-3.4035083506069097,4.269132398433606,14.145186637227791,8.203812745876471,8.990748815365057,13.12216787068905,8.597280780620764,9.187487523246162,-6.944720663305515,-14.223883996583808,-12.846750565487763
2026-04-28,5.300000190734863,5.050000190734863,5.400000095367432,4.909999847412109,49600.0,0.21700000762939453,0.21700000762939453,4.269132398433606,2.5145089462765835,-0.5628467804992376,18.834083977651517,4.296201824571563,48.08350170629676,0.03921686110161948,0.44594539011151396,0.5570455066652198,10.510292200347704,-0.6492227263789729,0.3543387808240436,1.0919097413318657,9.24528736455351,10.943394393078986,-0.9433997912352998,7.735845899191585,6.320755209265827,4.5282974053041825,4.716980962322137,5.4716971965395045,1.8867905855434186,2.830181379851515,-10.566045272897496,-17.924533054980408,-17.547174937871723
2026-04-29,5.710000038146973,5.300000190734863,5.880000114440918,5.25,76300.0,0.4099998474121094,0.4099998474121094,7.735845899191585,10.444873382673524,15.120967625641303,2.6978434696250053,4.1554011741913275,53.980792717230045,0.07388108217904338,0.7432884218462542,0.5622565500777696,9.846874716663486,0.0,0.7644489356452282,1.6576145991744515,11.03327688672604,3.327496601595792,-1.7162880724404972,-0.3502623606462252,0.5253893655126296,-6.830120208057999,-0.17513535577980965,-3.677758962242017,-6.654993203191584,-5.779333126119335,-19.141855128688412,-23.46760321603696,-22.76707849474452
2026-04-30,5.690000057220459,5.840000152587891,5.900000095367432,5.611999988555908,35500.0,-0.019999980926513672,0.019999980926513672,-0.3502623606462252,10.058026561950651,12.450595287849907,-0.6980796111671794,4.189711003231934,53.6605840139532,0.09241864598269428,0.7313666144106225,0.5426668041301806,9.537202085640594,2.2767095196571274,0.7786679029769621,0.786790780141844,5.0615132498295665,2.6362055159750986,-1.2302314755260557,-0.35149351011225516,6.5026341272099275,-1.5992984041039882,3.1634415910103186,-1.581724985638322,-9.138839643185026,-8.084359112848249,-21.423547458914694,-27.592269874744346,-24.428819903467712
2026-05-01,5.670000076293945,5.619999885559082,5.840000152587891,5.619999885559082,30100.0,-0.019999980926513672,0.019999980926513672,-0.35149351011225516,13.173649047106185,7.59013466442382,-0.35149351011225516,4.085095178441857,53.3199653697376,0.09966592291739002,0.7178728070930012,0.5196191943372255,9.164359565174145,-1.2302314755260557,0.6450165258849416,0.6584272120748114,3.880075204030796,2.328041758487953,-2.99823763679844,-2.292770946943079,5.820104396219894,-0.3527333449276804,1.2345625023337359,-8.377423249402149,-13.40388392690448,-11.640208792439765,-22.222225959922802,-24.514988497039568,-23.985892684561204
2026-05-04,5.539999961853027,5.739999771118164,5.802000045776367,5.5,32200.0,-0.13000011444091797,0.13000011444091797,-2.292770946943079,8.990748815365057,0.18082733571946896,-11.501601289197005,3.909781696418463,51.05155895823117,0.09220964220016198,0.6828027274460118,0.5040749694400214,9.098826225829388,1.2345625023337359,0.8459885037304978,0.7215686274509804,5.451264401730317,1.7148062758656213,0.0,0.18050954784647466,3.790614433086237,-0.3610104885239718,0.18050954784647466,-7.581228866172463,-12.996386194032095,-11.552344239936197,-17.148011115642305,-22.563177050670923,-20.39711411952707
2026-05-05,5.550000190734863,5.610000133514404,5.635000228881836,5.539999961853027,6700.0,0.010000228881835938,0.010000228881835938,0.18050954784647466,4.716980962322137,7.350098816890482,-4.8027399079827005,3.1552417067390497,51.22346567104989,0.0846526573759356,0.7201174700104814,0.47485534783922045,8.55595191927995,1.2635410134184122,0.8434112957039361,0.15317786922725193,1.7117164642156493,3.4234157451108693,-4.144144345390243,2.7026957364917115,0.7207200086191579,-2.702704328151928,-1.8018086132081002,-8.288288690780476,-16.036041670926693,-15.675681666617125,-20.00000171833204,-26.306306089579746,-25.945946085270165
2026-05-06,5.699999809265137,5.460000038146973,5.739999771118164,5.320000171661377,29800.0,0.14999961853027344,0.14999961853027344,2.7026957364917115,-0.17513535577980965,10.251445360734213,-1.7241444513996895,3.198805697928536,53.8420432505564,0.08617019625384575,0.8858600141350523,0.4709370800976181,8.262054313267301,-1.6216243152232024,0.3848814346743266,0.6886988675756875,7.368414272121439,6.315792027382838,-1.7719269391754833,2.982457578640907,-3.508768701010212,-6.491226279651119,-5.614029921616337,-13.333329429403252,-20.87718631935743,-16.315787008044158,-25.087717126134145,-33.85964724422412,-29.122805315078114
2026-05-07,5.869999885559082,5.679999828338623,6.059999942779541,5.598999977111816,33900.0,0.1700000762939453,0.1700000762939453,2.982457578640907,3.1634415910103186,13.539647948456569,15.77908652487392,3.2314285041448074,56.68049573548818,0.09437590207198424,0.9791194115732044,0.47022728620976856,8.01068646298589,-0.35087687010102453,0.6099913154375571,0.8118788169081547,7.853491902135142,2.2146527593762677,-3.747867026929197,-2.2146527593762677,-4.599659049240302,-11.92503957261093,-10.90289401981206,-18.22827454318269,-27.086877457396994,-26.064731904598126,-32.04429029326866,-38.3304947847661,-36.79727239392241
2026-05-08,5.739999771118164,5.880000114440918,6.0,5.650000095367432,27100.0,-0.13000011444091797,0.13000011444091797,-2.2146527593762677,1.2345625023337359,14.570848480764532,9.75142925783441,3.1073118455553677,53.948417903234656,0.08698305161000211,0.8199816070786548,0.4616396160971114,8.042502343291611,0.17036165377852797,0.7011144080279524,0.6477055449330784,6.0975595572957255,0.174220022310001,-3.8327491108731127,-3.3100973512110166,-9.494766919661746,-14.459929561014063,-12.717762566985657,-18.989542146591376,-23.344943017126596,-22.648079542422394,-25.662014485881468,-35.8884980227041,-27.35191215030971
2026-05-11,5.550000190734863,5.519999980926514,5.75,5.519999980926514,15700.0,-0.18999958038330078,0.18999958038330078,-3.3100973512110166,0.18050954784647466,9.187487523246162,6.321847007796477,3.4467482969596532,50.14413209689156,0.0661735959869848,0.6330182380762851,0.4450939305954239,8.0197101855683,-3.8327491108731127,0.7578786877431736,0.38480392156862747,4.144144345390239,0.7207200086191579,-2.702704328151928,-1.8018086132081002,-7.747752980146217,-13.153153044789867,-11.711713027551562,-14.774777360013069,-21.441441735570354,-20.180186016316938,-23.423426055103125,-35.13513908265469,-29.549550424196035
2026-05-12,5.449999809265137,5.5,5.590000152587891,5.400000095367432,10100.0,-0.10000038146972656,0.10000038146972656,-1.8018086132081002,-1.8018086132081002,2.830181379851515,2.2514050145735043,3.3268331771369666,48.21692821738173,0.043638453830948706,0.5367225913411838,0.4268729396400693,7.832531276686919,-0.9009043066040445,0.7876913562364889,0.25683407501589317,3.4862397040354773,0.9174347244904846,-2.201832839609996,-1.2843981151195227,-6.605498518829989,-14.495412651391426,-14.12844051145643,-13.027524091651433,-20.183485195036898,-19.816513055101904,-27.889904508324882,-30.27522779255536,-28.440362718227373
2026-05-13,5.380000114440918,5.329999923706055,5.5,5.329999923706055,10900.0,-0.06999969482421875,0.06999969482421875,-1.2843981151195227,-5.614029921616337,-5.779333126119335,8.467743408543505,2.0869515517706922,46.859294967706234,0.023018127048705348,0.45031454407304183,0.408524877972489,7.5933990572961605,-2.201832839609996,0.7160282379757313,0.2942764578833693,3.1598526520033627,4.089215344087638,-3.903346350928383,-2.7881058025408523,-8.178439551319283,-16.171001246335315,-11.338292203322652,-14.182156044868066,-18.773238055716913,-18.029744356791888,-27.509293449657967,-29.36803212854253,-28.25279158015499
2026-05-14,5.230000019073486,5.440000057220459,5.599999904632568,5.170000076293945,24800.0,-0.15000009536743164,0.15000009536743164,-2.7881058025408523,-10.90289401981206,-8.084359112848249,3.3596853402445115,2.1973794063539693,44.000267577134274,-0.0004789805847607645,0.28657572739007153,0.41005880299864145,7.840512457039816,1.1152405483875416,0.23275479249649325,0.708672667523932,8.221794010907079,-0.6692131411944024,-6.118550105054609,-4.206496929050186,-8.221794010907079,-18.16443223328005,-17.017205798084532,-14.512424890170184,-21.223711844479975,-17.78202342154821,-20.17208077420849,-26.38623536153237,-23.709369120736902
2026-05-15,5.010000228881836,5.150000095367432,5.195000171661377,4.909999847412109,34100.0,-0.2199997901916504,0.2199997901916504,-4.206496929050186,-12.717762566985657,-11.640208792439765,-4.93358165058223,2.432106201361088,40.13271259985415,-0.029013566811981355,0.09994642484621279,0.4036260436174083,8.056407688178732,-1.529635246927341,0.3404470132015887,1.024793388429752,5.688628966647288,2.195601829379479,-3.7924161385290867,-2.195611347086801,-7.1856310791976075,-12.175650811308403,-11.37724841558726,-11.976054971231775,-14.570857998471842,-13.972060960534638,-16.367268147698066,-28.143717761145904,-23.752499825825957
2026-05-18,4.900000095367432,5.119999885559082,5.119999885559082,4.820000171661377,20600.0,-0.1100001335144043,0.1100001335144043,-2.195611347086801,-11.711713027551562,-11.552344239936197,-11.392406700518942,2.4274597966854974,38.31906976302138,-0.05212366797089775,0.06262516757484654,0.3962241629231437,8.086207249215011,2.195601829379479,0.34712069117525185,0.6286237412267318,6.122443021609968,3.8775521127048407,-4.897964148658362,-4.489801280551031,-3.4693892445975094,-11.020407170268331,-9.591841997577866,-6.326529321348828,-12.448982074329184,-10.000004865685197,-14.489796414865841,-28.57142996162434,-24.48979641486584
2026-05-19,4.679999828338623,4.869999885559082,5.090000152587891,4.659999847412109,25300.0,-0.2200002670288086,0.2200002670288086,-4.489801280551031,-14.12844051145643,-15.675681666617125,-9.477760942444192,2.5783089763411313,34.92012776892726,-0.07752348844603932,-0.03930258520523053,0.3986367445126178,8.517879468686475,-0.6122491678461905,0.4409136762144341,0.8086942624260828,9.188041045899551,5.555560649969826,-3.6324702071011905,1.9230802540401104,1.2820501064172207,-7.051280679708983,-6.623930644236575,-5.128200425668883,-12.606831140850261,-12.179481105377853,-17.094011607724802,-20.94016702139073,-20.512816985918324
2026-05-20,4.769999980926514,4.659999847412109,4.940000057220459,4.510000228881836,38200.0,0.09000015258789062,0.09000015258789062,1.9230802540401104,-11.338292203322652,-16.315787008044158,-7.736945637613357,2.439780438361785,37.36768025553962,-0.08306676579484454,0.0777068222494881,0.4008769647859039,8.404129274399672,-0.4273500354724069,0.8274107532677788,1.2298776561493883,9.014671489686272,0.6289352186228392,-10.272531930345785,-9.014671489686277,-3.2075446235110716,-8.385746267649596,-7.547172640543254,-10.482180335415459,-20.964360670830906,-15.30398368957001,-16.35220072345294,-20.964360670830906,-17.819704570889037
2026-05-21,4.340000152587891,4.510000228881836,4.800000190734863,4.28000020980835,53200.0,-0.42999982833862305,0.42999982833862305,-9.014671489686277,-17.017205798084532,-26.064731904598126,-16.054156894733175,2.7855547135334913,31.30916124138727,-0.10886961684480705,-0.09501966700064385,0.4093857516530903,9.432851088933223,-5.450728576191233,1.0836722663273748,1.6612021857923498,11.981565959541356,7.142855573281293,1.382487112212738,2.304145187021245,3.0184340404586507,-5.06913039847764,-0.9216580748084957,-8.087558945420826,-16.589867320614747,-14.516131158780176,-3.68664328626489,-12.442400490461058,-5.760368461068555
2026-05-22,4.440000057220459,4.449999809265137,4.650000095367432,4.400000095367432,20200.0,0.09999990463256836,0.09999990463256836,2.304145187021245,-11.37724841558726,-22.648079542422394,-11.37724841558726,3.244671764428609,33.989557292650744,-0.11194666744720394,0.028083548048576972,0.40228676530497964,9.060512615326862,2.534554212207918,1.2804449345895912,0.6380290587492103,5.630630558065931,6.531530588190448,-1.8018000602490147,-0.22523037731887463,-0.6756803923811283,-3.6036001204980406,-2.927930467692408,-3.896393167267276,-17.117116681728916,-6.081080573128183,-8.108111010696085,-13.28829155369976,-12.387386153787494
2026-05-26,4.429999828338623,4.5,4.730000019073486,4.360000133514404,23800.0,-0.010000228881835938,0.010000228881835938,-0.22523037731887463,-9.591841997577866,-20.180186016316938,-12.846750565487763,3.303763499629637,33.84731804387849,-0.10738312496474772,0.07497315966484361,0.3999805596088441,9.028906887313545,1.351350045186761,1.3156803645473176,0.7958535361979602,8.35214220985292,6.997741643159383,-1.805867422258045,-1.3544005666935366,3.611745608334993,-3.1602679889515817,-0.4514668555645085,-4.06320170008061,-18.735890651655584,-11.738143626586762,-8.577870255725728,-14.221216714101026,-9.593673371700607
2026-05-27,4.369999885559082,4.369999885559082,4.739999771118164,4.349999904632568,23800.0,-0.059999942779541016,0.059999942779541016,-1.3544005666935366,-6.623930644236575,-19.816513055101904,-17.547174937871723,3.3124405145454423,32.956197175889876,-0.10121595226675403,0.09826010213339803,0.39926765295718347,9.136559803504495,-1.3544005666935366,1.3213834712979673,0.8317316092958239,8.924482304321629,5.65217903675399,0.0,0.9153309588224356,1.6018346337421274,-6.40731671175706,-5.949651232345843,-10.068646002849679,-13.04347707482546,-10.755144221966507,-2.974831071975792,-13.04347707482546,-13.04347707482546
2026-05-28,4.409999847412109,4.369999885559082,4.617000102996826,4.369999885559082,16500.0,0.039999961853027344,0.039999961853027344,0.9153309588224356,-7.547172640543254,-18.029744356791888,-22.76707849474452,3.4454370930897573,34.1999441530953,-0.08775449667600116,0.1579268408641823,0.38839140756293783,8.807061700713096,0.0,1.5501870247006009,0.6439024390243903,5.600912153833511,1.3832278741063408,-6.5759630813412855,-2.494323366967832,-3.174600256908189,-14.51246912992894,-8.390020371003114,-11.564620627911303,-13.832197646305755,-12.471654679059386,-10.430834821872658,-17.23355506442168,-16.553283580798496
2026-05-29,4.300000190734863,4.369999885559082,4.4710001945495605,4.119999885559082,27000.0,-0.1099996566772461,0.1099996566772461,-2.494323366967832,-0.9216580748084957,-17.78202342154821,-24.428819903467712,3.4383932008782803,32.41884781907713,-0.07979941260718779,0.14796036977314977,0.38572061480776215,8.97024645810174,-0.9070286448309095,0.6563742146459786,1.0714285714285714,8.16279752142274,2.558131437162725,-0.4651158148691992,0.2325523628167181,-7.232560347066464,-15.813959884024342,-13.720933172495053,-2.906976615241441,-10.465122468410648,-7.209306219708367,-10.00000665354145,-15.116280617102662,-15.116280617102662
2026-06-01,4.309999942779541,4.349999904632568,4.409999847412109,4.28000020980835,11400.0,0.009999752044677734,0.009999752044677734,0.2325523628167181,-2.927930467692408,-13.972060960534638,-23.985892684561204,3.3914340131616445,32.76166419046397,-0.06787267325699478,0.1868241822994567,0.367454830721762,8.525634236662855,1.1627839925551386,0.4694676850878742,0.46981248712136825,3.016232931082647,6.496524675770088,-0.4640366865901968,2.320183432950995,-0.9976738975906452,-14.617166691098582,-3.2482568061314,-2.784220119541192,-16.473318969213025,-11.368909884967183,-12.180971320623213,-17.981435434754346,-17.981435434754346
2026-06-02,4.409999847412109,4.329999923706055,4.590000152587891,4.289999961853027,29300.0,0.09999990463256836,0.09999990463256836,2.320183432950995,-0.4514668555645085,-10.000004865685197,-20.39711411952707,3.5752893589287535,36.24461904316624,-0.048183501671945295,0.257795519448269,0.36263664215126923,8.223053394527277,0.4640366865902079,0.6353635067500611,1.214759535655058,6.802725648866187,0.6802768899403677,-7.256229158647298,-6.8027148362318375,-3.628114579323649,-18.367346276777486,-11.337863466703569,-4.988657546570019,-20.634917888854766,-16.099769258383034,-14.988657546570018,-19.50113208281613,-16.099769258383034
2026-06-03,4.110000133514404,4.300000190734863,4.440000057220459,4.090000152587891,24900.0,-0.2999997138977051,0.2999997138977051,-6.8027148362318375,-5.949651232345843,-12.179481105377853,-25.945946085270165,3.88810344174493,31.048516822560934,-0.05007834809042083,0.160106841031545,0.3617340180427906,8.801314021697532,-2.494323366967832,1.1199072791355869,0.9948062325209748,8.515812488144332,3.8929401998655244,-8.27250952659121,-1.7031671383796465,-4.3795635257872,-7.542583239116429,-5.109489813261991,-5.596107338245182,-9.975670864032383,-9.489053339049192,-6.569348189150038,-12.165455527395219,-11.678832201473554
2026-06-04,4.039999961853027,4.13100004196167,4.269999980926514,3.7699999809265137,28400.0,-0.07000017166137695,0.07000017166137695,-1.7031671383796465,-8.390020371003114,-15.30398368957001,-29.122805315078114,3.7282484897882293,29.968904189123997,-0.050610135711487425,0.1621761108261205,0.37161015961116267,9.198271364357048,0.5109466609508173,1.1122427482873583,1.1378205128205128,12.376237740622772,-1.2623732752127026,-10.396041590587135,-8.168315020347016,-3.4653432625623593,-5.940594351556927,-4.4554472390302085,-1.2376225937722696,-6.683167907820298,-2.970294225053449,-8.168315020347016,-12.376237740622775,-12.128713221868315
2026-06-05,3.7100000381469727,3.9800000190734863,3.989000082015991,3.619999885559082,30100.0,-0.3299999237060547,0.3299999237060547,-8.168315020347016,-13.720933172495053,-14.516131158780176,-36.79727239392241,3.5459245460973836,25.472211845713165,-0.06673693333134045,0.052674877365520206,0.3750665822313614,10.109611276950154,-1.4851471125267302,1.4144984868066233,1.2151796528058134,9.946096837271545,15.013481253102334,-0.8086245574475681,12.398922733616136,12.533696706379093,3.773581268088644,7.547168962554007,12.668457826388613,2.4258736723427043,10.242590580422629,0.5390830382983713,-6.469002885957265,0.5390830382983713
2026-06-08,4.170000076293945,3.680000066757202,4.267000198364258,3.680000066757202,26800.0,0.46000003814697266,0.46000003814697266,12.398922733616136,-3.2482568061314,-6.081080573128183,-27.35191215030971,5.593962318688538,39.17304813452087,-0.04122492876132117,0.2820234275483296,0.3902046929010538,9.357426517072037,-0.8086245574475681,1.8129368851729863,1.08260957382347,14.076741507610413,1.9184633631266879,-13.66906861469317,-6.2350116476335815,0.4796158407816664,-13.66906861469317,-8.393288648622931,-2.1582770009893504,-7.673864887450421,-6.714627488415259,-11.51079161370382,-16.067147818601548,-15.587531977819868
2026-06-09,3.9100000858306885,4.239999771118164,4.25,3.5999999046325684,14200.0,-0.25999999046325684,0.25999999046325684,-6.2350116476335815,-11.337863466703569,-11.738143626586762,-29.549550424196035,5.878186429161494,35.23073843620134,-0.03680667091545209,0.17254476896518384,0.4087615073629379,10.454258270843377,1.6786497252640364,1.8102880410574709,0.5753646677471637,16.624042994856804,0.5115084523652724,-2.813302585670774,-0.2557542261826362,7.161124430775656,-10.485935468811714,-5.37084484749718,3.5805652642187047,-2.813302585670774,2.4296681975659373,-8.056267271245765,-10.74168969499435,-10.485935468811714
2026-06-10,3.9000000953674316,3.799999952316284,3.930000066757202,3.799999952316284,11300.0,-0.009999990463256836,0.009999990463256836,-0.2557542261826362,-5.109489813261991,-10.755144221966507,-28.440362718227373,5.882941886585534,35.0844905881222,-0.029802871436946266,0.186024185988905,0.3888499792970794,9.9705120458579,-2.813302585670774,1.7183674560679338,0.45675020210185935,3.3333361862051505,0.0,-2.5641061693801315,-1.0256461357301072,-0.5128200112166748,-5.128206225463517,-4.615386214246842,8.717940190683503,-2.5641061693801315,-2.5641061693801315,-2.8205161749884744,-9.102564369041144,-2.8205161749884744
2026-06-11,3.859999895095825,3.9000000953674316,3.9000000953674316,3.799999952316284,10100.0,-0.040000200271606445,0.040000200271606445,-1.0256461357301072,-4.4554472390302085,-12.471654679059386,-28.25279158015499,5.84538851910802,34.46813297948162,-0.02339227182676462,0.17678627680055162,0.36821784813665565,9.539322749839469,0.0,1.715072074802377,0.4089068825910931,2.590677351525289,8.160629642483919,-0.259067117487799,3.3678787039886915,3.3678787039886915,-2.331604057390191,1.5544088815740986,2.3316102340374956,-5.440409467243789,-4.663208114780392,-1.295335587438995,-7.383415936725934,-5.699476584731588
2026-06-12,3.990000009536743,3.880000114440918,4.175000190734863,3.8499999046325684,25500.0,0.13000011444091797,0.13000011444091797,3.3678787039886915,7.547168962554007,-7.209306219708367,-23.709369120736902,5.990344856431921,38.26409334495396,-0.0067871939739529985,0.2725434873525697,0.3651308794199156,9.151149838275538,0.5181404116229027,1.4413118150019824,1.0309278350515463,8.145370559536138,5.012532511420642,-9.774438696040388,-4.260653531017988,4.761900209216785,-4.7619061846197575,2.506269243411796,-3.0075218970135764,-8.521301086633004,-8.521301086633004,-6.265664145425054,-8.521301086633004,-8.521301086633004
2026-06-15,3.819999933242798,4.139999866485596,4.190000057220459,3.5999999046325684,43400.0,-0.1700000762939453,0.1700000762939453,-4.260653531017988,-8.393288648622931,-11.368909884967183,-23.752499825825957,6.089720798409883,35.37810999733999,-0.0037927222077360767,0.16764868801018587,0.3811929703604853,9.97887374403409,3.7593949020132467,0.7746498856044097,1.7222222222222223,15.445030442370703,9.685867289101434,-8.376961749607936,-3.141358315606413,6.806282591804735,0.7853395789016115,1.83246525876124,-0.9162263880564514,-7.460729120227317,-7.460729120227317,-1.3088992981693415,-9.162301328509537,-5.759163153269253
2026-06-16,3.700000047683716,3.75,4.190000057220459,3.5,26600.0,-0.11999988555908203,0.11999988555908203,-3.141358315606413,-5.37084484749718,-16.099769258383034,-24.48979641486584,5.999475390662339,33.45970248053482,-0.0062865500692176335,0.09952930156253816,0.403250619421912,10.898665249324957,-1.8324590174370714,0.6126712790942183,1.0431372549019609,18.648649954813237,4.8648666064176505,0.0,0.5405400180747089,9.459463203797934,2.702700090373522,8.24324494125721,1.3243249774066213,-4.054056579305588,0.0,-5.405406624492349,-18.37837994577588,-16.756759891551766
2026-06-17,3.7200000286102295,3.700000047683716,3.880000114440918,3.700000047683716,7400.0,0.019999980926513672,0.019999980926513672,0.5405400180747089,-4.615386214246842,-9.489053339049192,-20.512816985918324,5.733031628663817,34.10108619551425,-0.0031408145008119392,0.14826460431962377,0.38730415137443275,10.411401838594267,0.0,0.6341694855660129,0.3007518796992481,4.838711434753648,7.258063947579707,1.3440847293478164,5.376345326492782,13.978487594318745,2.150535566956502,2.150535566956502,3.2258033504347416,-2.9569928136667145,-2.4193525128260562,-12.634409274072478,-18.817205438173936,-14.784944841028969
2026-06-18,3.9200000762939453,3.7699999809265137,3.990000009536743,3.7699999809265137,7700.0,0.20000004768371582,0.20000004768371582,5.376345326492782,1.5544088815740986,-2.970294225053449,-17.819704570889037,6.0443886769095085,40.298411304280016,0.014869127811406702,0.33365512608339737,0.37892528205672427,9.666461088821423,1.3440847293478164,0.8331567742793045,0.33362218370883884,5.612245518582295,6.632646606744141,-3.061227592911475,4.3367365557468895,0.7653053777012531,-6.887754481417707,-6.122449103716454,-5.357143726015212,-9.693880281762102,-9.438778489195021,-17.60204193344813,-21.93877848919502,-21.30102096672406
2026-06-22,4.090000152587891,3.930000066757202,4.179999828338623,3.799999952316284,17100.0,0.1700000762939453,0.1700000762939453,4.3367365557468895,2.506269243411796,10.242590580422629,-5.760368461068555,5.464725674206264,45.0304862982095,0.03930313816839426,0.5093593376111208,0.3790020387685539,9.266553169411146,0.25510179256709176,0.9217635965632962,0.8037602820211516,9.290950167371003,-0.24450436451716184,-5.867976503704176,-4.889976533550211,-5.378979433279641,-10.757947207949492,-10.757947207949492,-8.801958926251363,-15.158926671075179,-8.801958926251363,-20.63569852327385,-25.427876808600136,-25.427876808600136
2026-06-23,3.890000104904175,3.930000066757202,4.079999923706055,3.8499999046325684,6600.0,-0.20000004768371582,0.20000004768371582,-4.889976533550211,1.83246525876124,-6.714627488415259,-12.387386153787494,4.047568435318018,40.921085143088746,0.04278063539616983,0.33222217617203775,0.3690733394247516,9.487746258912846,-3.911982392701152,0.945656136744047,0.32046613255644574,5.912596731900399,4.113112635369198,-2.3136285388379862,2.956298365950194,-2.699229209302889,-9.125964254497909,-9.125964254497909,-5.141389261958452,-10.025709367269597,-9.511571053974965,,,
2026-06-24,4.005000114440918,3.9600000381469727,4.050000190734863,3.799999952316284,7500.0,0.11500000953674316,0.11500000953674316,2.956298365950194,8.24324494125721,2.4296681975659373,-9.593673371700607,3.655053529676529,44.08105769558769,0.0529457620712484,0.47054522718974473,0.3605681179243107,9.002949004275985,1.799484096531212,0.8484377185887871,0.37917087967644086,6.242203028088506,5.867656678208388,-5.1186056496093535,-5.1186056496093535,-6.392010852599106,-11.360802724674823,-7.615482098426329,-10.237205346195676,-12.858928593965013,-12.609240949083322,,,
2026-06-25,3.799999952316284,3.940000057220459,4.239999771118164,3.799999952316284,5800.0,-0.2050001621246338,0.2050001621246338,-5.1186056496093535,2.150535566956502,-2.5641061693801315,-13.04347707482546,4.04044453040472,39.97624101108435,0.04622735510733472,0.267347116985581,0.3662418108441371,9.637942511575428,-1.6229726682425505,1.040245267540673,0.3072033898305085,11.578942745346053,3.9473709802548607,-3.9473647060816464,-3.157891764865317,1.052630588288439,-5.0000015685433,-4.473680000225865,-0.26315764707210976,-6.710523137425417,-0.26315764707210976,,,
2026-06-26,3.680000066757202,3.799999952316284,3.950000047683716,3.6500000953674316,10600.0,-0.11999988555908203,0.11999988555908203,-3.157891764865317,-6.122449103716454,-4.663208114780392,-16.553283580798496,4.144606678389349,37.75967187020375,0.034598023922736976,0.15557415971231683,0.36151024952071903,9.823647906595829,0.0,0.9080071112492849,0.5703524347592144,8.152172469405487,5.163038460738578,-0.8152165990639837,-0.8152165990639837,0.8152165990639837,-3.8043506077308886,-3.5326117413762237,3.532605262610611,-2.8532613361067605,-1.0869554654186486,,,
2026-06-29,3.6500000953674316,3.6500000953674316,3.869999885559082,3.6500000953674316,7700.0,-0.029999971389770508,0.029999971389770508,-0.8152165990639837,-10.757947207949492,-8.521301086633004,-15.116280617102662,3.927585327058062,37.20428326859358,0.026164977705377235,0.15212303742808644,0.3514023595686427,9.62746165444328,-0.8152165990639837,0.6814852885436782,0.4370034052213394,6.027391354615947,3.6986297790676304,-3.150685110466178,-3.150685110466178,2.1917786744058088,-4.9315085494287425,2.1917786744058088,2.465751008706518,0.0,0.0,,,
2026-06-30,3.5350000858306885,3.6500000953674316,3.7850000858306885,3.5350000858306885,15300.0,-0.11500000953674316,0.11500000953674316,-3.150685110466178,-9.125964254497909,-7.460729120227317,-17.981435434754346,3.8340334387337776,35.074562192812145,0.014693236065041082,0.0556474989040169,0.34415933388516823,9.735765927267137,0.0,0.6240629288619436,0.8588268313219197,7.072135613293843,6.05374770728675,0.42432435986974326,4.667608425651681,4.384723270900492,-0.990101413886213,-0.4243311043838349,6.647804508910005,-1.83875687813978,1.8387501336256884,,,
2026-07-01,3.700000047683716,3.549999952316284,3.749000072479248,3.549999952316284,6700.0,0.16499996185302734,0.16499996185302734,4.667608425651681,-7.615482098426329,0.0,-16.099769258383034,4.070912662294352,40.35058457209194,0.01975372184181723,0.26327839450747736,0.33486223765398193,9.050330630768864,0.42432435986974326,0.7462480840310328,0.40155828588552595,5.378381556712208,3.78378012652294,-2.4324365250814717,-1.89189006326147,-2.8378383167648513,-5.675676633529703,-5.405406624492349,-5.405406624492349,-18.37837994577588,-16.756759891551766,,,
2026-07-02,3.630000114440918,3.7100000381469727,3.8399999141693115,3.609999895095825,16100.0,-0.06999993324279785,0.06999993324279785,-1.89189006326147,-4.473680000225865,-2.4193525128260562,-11.678832201473554,4.112431945505409,38.90611603934033,0.01986884142443912,0.18942365091289123,0.3273720791839465,9.018514293748648,0.27027000903734333,0.6667657395328658,0.9910741766697445,6.336088479956158,2.2038545780700636,-2.479342968333542,-2.2038611460747926,4.407709156140127,-2.341598773201803,4.407709156140127,-10.468322381842254,-16.804410861798413,-12.672176959912317,,,
2026-07-06,3.549999952316284,3.5999999046325684,3.7100000381469727,3.5399999618530273,11100.0,-0.08000016212463379,0.08000016212463379,-2.2038611460747926,-3.5326117413762237,-9.438778489195021,-12.128713221868315,3.649305089770495,37.26428315354232,0.01619479017194181,0.11547599209105812,0.31613122183466075,8.90510496002664,-0.826452034781,0.6363278321317896,0.7217165149544863,4.788734607813857,5.07042448380195,-2.2535190079046807,5.07042448380195,7.323943491706619,0.7042280479784058,2.5352155999091686,-9.014082747635143,-13.802817355448994,-13.098589307470576,,,
2026-07-07,3.7300000190734863,3.569999933242798,3.7300000190734863,3.4700000286102295,12400.0,0.18000006675720215,0.18000006675720215,5.07042448380195,2.1917786744058088,-8.801958926251363,0.5390830382983713,3.772191046104234,43.084122434255264,0.026894055882793644,0.3782994891053472,0.3121218481652748,8.367877924108008,0.5633797519761785,0.8588470110606327,0.8554674025526043,6.970509092057312,-1.0723850307905125,-6.166220318964433,-5.63002780356917,0.26809625769763645,-2.144770061581025,-2.144770061581025,-12.975870378019373,-18.23056469919565,-18.23056469919565,,,
2026-07-08,3.5199999809265137,3.630000114440918,3.690000057220459,3.5,6500.0,-0.21000003814697266,0.21000003814697266,-5.63002780356917,-0.4243311043838349,-9.511571053974965,-15.587531977819868,3.8662688491293604,38.58668632819653,0.021091172443494843,0.09337253039862686,0.306256003230147,8.700454684364404,-2.680962576976287,1.2139403051250215,0.4821958456973294,5.39772892755665,2.130683184378168,-0.8522719191002448,-0.5681812794001595,7.102272765757123,-1.4204531985004043,2.272725117600638,,,,,,
2026-07-09,3.5,3.5,3.5950000286102295,3.490000009536743,2400.0,-0.019999980926513672,0.019999980926513672,-0.5681812794001595,-5.405406624492349,-12.609240949083322,-10.485935468811714,3.6260806923197944,38.17793881856605,0.017326547084063337,0.11372463215614753,0.29188057579038557,8.339445022582446,-0.5681812794001595,1.0717289474817813,0.18619084561675717,3.000000544956752,8.285713195800781,1.2857164655412978,8.285713195800781,0.0,-13.71428625924247,-12.000002179827007,,,,,,
2026-07-10,3.7899999618530273,3.5899999141693115,3.7899999618530273,3.5450000762939453,13800.0,0.28999996185302734,0.28999996185302734,8.285713195800781,4.407709156140127,-0.26315764707210976,-2.8205161749884744,4.436365673711318,46.952676706398236,0.034780791709757064,0.554533826860884,0.2917462462234314,7.697790215300933,2.571426119123177,1.3601475578726827,1.060315021129466,6.464376992745281,0.5277039875413392,-5.672821011433271,-3.957779906560044,-14.248020245071658,-20.316622392524806,-16.358836195237014,,,,,,
2026-07-13,3.640000104904175,3.809999942779541,3.809999942779541,3.575000047683716,12100.0,-0.14999985694885254,0.14999985694885254,-3.957779906560044,2.5352155999091686,-1.0869554654186486,-5.699476584731588,4.507484738635826,43.512488660376924,0.036460599643384606,0.3438778471155411,0.2876929354286024,7.9036518444324635,0.5277039875413392,1.402282778158282,0.9226077011056043,6.456040887999142,2.747250048093086,0.2747250048093175,0.2747250048093175,-11.26373829710321,-15.934069928822236,-15.247254141818567,,,,,,
2026-07-14,3.6500000953674316,3.700000047683716,3.740000009536743,3.6500000953674316,1700.0,0.009999990463256836,0.009999990463256836,0.2747250048093175,-2.144770061581025,0.0,-8.521301086633004,4.499273194352106,43.808078250994065,0.03829295334363142,0.3781062583058401,0.27428629037174285,7.514692690552696,1.6483500288558606,1.301251875894861,0.14255765199161424,2.4657510087065235,3.287668011608691,-4.9315085494287425,-1.36986820351932,-11.068494063377532,-16.438359654090572,-16.438359654090572,,,,,,
2026-07-15,3.5999999046325684,3.7100000381469727,3.7699999809265137,3.4700000286102295,15000.0,-0.05000019073486328,0.05000019073486328,-1.36986820351932,2.272725117600638,1.8387501336256884,-5.759163153269253,4.39070465286943,42.607529483371465,0.03620851598706598,0.316425794509113,0.27612298051063866,7.670082995149994,1.6438340058043455,1.141382726738378,1.4278914802475011,8.333332229543586,-2.777775202268362,-16.111109418633497,-14.444444297272474,,,,,,,,,
2026-07-16,3.0799999237060547,3.5,3.5,3.0199999809265137,19400.0,-0.5199999809265137,0.5199999809265137,-14.444444297272474,-12.000002179827007,-16.756759891551766,-16.756759891551766,6.0924817155810995,32.601186933495576,0.0017015643905557154,-0.22219463231839767,0.2978284764531684,9.669755968526191,-2.777775202268362,1.6041348387305046,1.9122720551996057,15.584416589722485,5.519483133278458,-1.9480501384995241,2.9220829486124256,,,,,,,,,
2026-07-17,3.1700000762939453,3.190000057220459,3.25,3.0199999809265137,12700.0,0.09000015258789062,0.09000015258789062,2.9220829486124256,-16.358836195237014,-12.672176959912317,-14.784944841028969,6.258599421410257,35.42775532482675,-0.012393374340432639,-0.013477022590539862,0.29298358664033397,9.2423842141626,3.5714329947789336,1.2946554695490464,1.2199807877041307,7.255520931796945,1.8927426288799065,-3.4700356740371308,-2.681389151458524,,,,,,,,,
2026-07-20,3.0850000381469727,3.2200000286102295,3.2300000190734863,3.059999942779541,17600.0,-0.08500003814697266,0.08500003814697266,-2.681389151458524,-15.247254141818567,-13.098589307470576,-21.30102096672406,6.269243704828001,33.97841324426326,-0.02409543520795543,-0.010808176503182065,0.2841990501870205,9.2122867641106,1.5772855240665962,1.3412467650483353,1.6139385602934433,5.510537250951124,5.218801016551899,-1.1345246482301952,-1.1345246482301952,,,,,,,,,
2026-07-21,3.049999952316284,3.059999942779541,3.246000051498413,3.049999952316284,18600.0,-0.03500008583068848,0.03500008583068848,-1.1345246482301952,-16.438359654090572,-18.23056469919565,-25.427876808600136,5.87314162158713,33.372992786835695,-0.030438446702327593,0.012602734146964419,0.27789912511524256,9.111446867538328,-0.8103758527811311,1.356420196890018,1.6939890710382515,6.426232860537557,,,,,,,,,,,,
