ticker,as_of_date,horizon_days,target_kind,current_price,raw_pct_change,calibrated_pct_change,actual_pct_change,direction_hit,raw_abs_error_pct,calibrated_abs_error_pct,scored_at
ATCX,2026-07-17,1,high,3.17,3.488,,1.8927,True,1.5953,,2026-07-20T15:52:25
RGTU,2026-07-17,1,high,9.86,5.978,9.053,7.9108,True,1.9328,1.1422,2026-07-20T15:52:25
SPHL,2026-07-17,1,high,2.61,9.843,3.64,4.9808,True,4.8622,1.3408,2026-07-20T15:52:26
ASST,2026-07-17,1,high,11.86,7.754,,4.5531,True,3.2009,,2026-07-20T15:52:26
RIOX,2026-07-17,1,high,24.67,7.549,9.829,14.3089,True,6.7599,4.4799,2026-07-20T15:52:26
SKYQ,2026-07-17,1,high,3.8,9.011,23.056,30.7895,True,21.7785,7.7335,2026-07-20T15:52:26
EDHL,2026-07-17,1,high,3.91,8.99,29.443,5.4987,True,3.4913,23.9443,2026-07-20T15:52:26
ROBN,2026-07-17,1,high,29.05,3.747,6.167,4.5783,True,0.8313,1.5887,2026-07-20T15:52:26
MENS,2026-07-17,1,high,2.26,5.531,3.349,3.9823,True,1.5487,0.6333,2026-07-20T15:52:26
ETU,2026-07-17,1,high,4.05,4.214,5.311,5.9259,True,1.7119,0.6149,2026-07-20T15:52:26
BMGL,2026-07-17,1,high,5.26,6.035,9.3,3.2319,True,2.8031,6.0681,2026-07-20T15:52:26
JLHL,2026-07-17,1,high,9.35,14.976,,-0.3219,False,15.2979,,2026-07-20T15:52:26
ETHT,2026-07-17,1,high,9.98,3.732,6.075,6.1623,True,2.4303,0.0873,2026-07-20T15:52:26
ETHU,2026-07-17,1,high,15.39,3.823,6.51,6.0429,True,2.2199,0.4671,2026-07-20T15:52:26
ETHD,2026-07-17,1,high,64.24,3.449,5.573,-1.4633,False,4.9123,7.0363,2026-07-20T15:52:26
XXRP,2026-07-17,1,high,22.1,2.241,3.718,3.7104,True,1.4694,0.0076,2026-07-20T15:52:26
CUPR,2026-07-17,1,high,3.97,6.29,23.475,2.6373,True,3.6527,20.8377,2026-07-20T15:52:27
CRML,2026-07-17,1,high,6.4,5.701,5.113,1.7188,True,3.9822,3.3942,2026-07-20T15:52:27
PDC,2026-07-17,1,high,3.57,6.541,6.122,6.4426,True,0.0984,0.3206,2026-07-20T15:52:27
ZENA,2026-07-17,1,high,1.48,6.601,,0.6757,True,5.9253,,2026-07-20T15:52:27
NNE,2026-07-17,1,high,16.03,5.311,5.091,1.9339,True,3.3771,3.1571,2026-07-20T15:52:27
LHSW,2026-07-17,1,high,2.28,2.425,,2.8509,True,0.4259,,2026-07-20T15:52:27
HTCO,2026-07-17,1,high,2.98,8.652,,4.0268,True,4.6252,,2026-07-20T15:52:27
FATN,2026-07-17,1,high,4.54,6.671,9.779,2.8722,True,3.7988,6.9068,2026-07-20T15:52:27
FOXX,2026-07-17,1,high,2.73,6.569,6.412,9.5202,True,2.9512,3.1082,2026-07-20T15:52:27
BGLC,2026-07-17,1,high,1.66,6.052,4.049,0.8976,True,5.1544,3.1514,2026-07-20T15:52:27
DTCX,2026-07-17,1,high,2.16,4.764,4.791,3.2361,True,1.5279,1.5549,2026-07-20T15:52:27
IOTR,2026-07-17,1,high,3.45,6.008,11.633,1.4493,True,4.5587,10.1837,2026-07-20T15:52:28
RZLV,2026-07-17,1,high,2.31,3.943,3.575,1.7316,True,2.2114,1.8434,2026-07-20T15:52:28
SERV,2026-07-17,1,high,5.09,3.551,2.312,2.1611,True,1.3899,0.1509,2026-07-20T15:52:28
SPAI,2026-07-17,1,high,3.89,5.489,4.683,2.5707,True,2.9183,2.1123,2026-07-20T15:52:28
CAMP,2026-07-17,1,high,3.71,7.101,5.691,6.8733,True,0.2277,1.1823,2026-07-20T15:52:28
MIMI,2026-07-17,1,high,2.46,6.673,11.682,-2.0325,False,8.7055,13.7145,2026-07-20T15:52:28
AFJK,2026-07-17,1,high,12.0,7.045,3.404,0.0,,7.045,3.404,2026-07-20T15:52:28
RAY,2026-07-17,1,high,2.69,6.245,5.479,11.5242,True,5.2792,6.0452,2026-07-20T15:52:28
SORA,2026-07-17,1,high,1.73,5.267,7.491,1.1561,True,4.1109,6.3349,2026-07-20T15:52:28
PN,2026-07-17,1,high,4.11,7.67,16.964,6.8126,True,0.8574,10.1514,2026-07-20T15:52:28
ARTV,2026-07-17,1,high,9.76,6.458,8.545,2.4539,True,4.0041,6.0911,2026-07-20T15:52:28
ALMU,2026-07-17,1,high,14.6,6.203,9.123,4.589,True,1.614,4.534,2026-07-20T15:52:28
JFB,2026-07-17,1,high,3.96,7.015,4.158,1.0101,True,6.0049,3.1479,2026-07-20T15:52:29
NNNN,2026-07-17,1,high,9.49,7.146,4.579,2.6343,True,4.5117,1.9447,2026-07-20T15:52:29
MKDW,2026-07-17,1,high,11.16,3.654,4.46,3.0556,True,0.5984,1.4044,2026-07-20T15:52:29
ANNA,2026-07-17,1,high,3.44,5.06,8.692,7.5581,True,2.4981,1.1339,2026-07-20T15:52:29
AXG,2026-07-17,1,high,3.23,2.474,0.87,0.0,True,2.474,0.87,2026-07-20T15:52:29
WXM,2026-07-17,1,high,3.22,7.925,,-0.4658,False,8.3908,,2026-07-20T15:52:29
RAIN,2026-07-17,1,high,1.55,6.118,6.598,13.2258,True,7.1078,6.6278,2026-07-20T15:52:29
NTHI,2026-07-17,1,high,3.46,5.967,6.203,1.1561,True,4.8109,5.0469,2026-07-20T15:52:29
TSSI,2026-07-17,1,high,9.76,4.945,5.785,1.4109,True,3.5341,4.3741,2026-07-20T15:52:29
DXYZ,2026-07-17,1,high,25.97,4.482,5.125,-0.2957,False,4.7777,5.4207,2026-07-20T15:52:29
BTDR,2026-07-17,1,high,10.74,4.961,6.378,8.1006,True,3.1396,1.7226,2026-07-20T15:52:29
ZJK,2026-07-17,1,high,1.93,5.257,6.338,7.513,True,2.256,1.175,2026-07-20T15:52:29
HTCR,2026-07-17,1,high,2.51,5.25,6.106,0.3984,True,4.8516,5.7076,2026-07-20T15:52:30
SAIH,2026-07-17,1,high,13.13,2.132,2.296,0.0,True,2.132,2.296,2026-07-20T15:52:30
ALOY,2026-07-17,1,high,8.89,6.201,7.558,1.4623,True,4.7387,6.0957,2026-07-20T15:52:30
WFF,2026-07-17,1,high,2.1,6.292,6.544,6.1905,True,0.1015,0.3535,2026-07-20T15:52:30
SPPL,2026-07-17,1,high,3.19,4.882,3.371,4.232,True,0.65,0.861,2026-07-20T15:52:30
DTST,2026-07-17,1,high,3.34,2.144,2.509,1.497,True,0.647,1.012,2026-07-20T15:52:30
CLSK,2026-07-17,1,high,13.03,4.458,5.668,12.4252,True,7.9672,6.7572,2026-07-20T15:52:30
CRWV,2026-07-17,1,high,73.21,5.191,5.02,8.3254,True,3.1344,3.3054,2026-07-20T15:52:30
SUPX,2026-07-17,1,high,7.54,4.982,6.352,2.6525,True,2.3295,3.6995,2026-07-20T15:52:30
BMR,2026-07-17,1,high,1.23,4.004,4.376,-0.8211,False,4.8251,5.1971,2026-07-20T15:52:30
CNCK,2026-07-17,1,high,2.88,4.568,4.998,0.6944,True,3.8736,4.3036,2026-07-20T15:52:31
ILAG,2026-07-17,1,high,3.73,4.544,1.713,-1.6086,False,6.1526,3.3216,2026-07-20T15:52:31
BCG,2026-07-17,1,high,1.48,5.354,3.845,3.3784,True,1.9756,0.4666,2026-07-20T15:52:31
INKT,2026-07-17,1,high,10.66,4.673,4.728,0.2814,True,4.3916,4.4466,2026-07-20T15:52:31
WYHG,2026-07-17,1,high,3.8,8.54,,0.2632,True,8.2768,,2026-07-20T15:52:31
LCFY,2026-07-17,1,high,2.53,5.439,3.448,8.3557,True,2.9167,4.9077,2026-07-20T15:52:31
ADVB,2026-07-17,1,high,5.03,6.705,8.881,84.0934,True,77.3884,75.2124,2026-07-20T15:52:31
HUT,2026-07-17,1,high,91.45,4.831,6.305,17.0038,True,12.1728,10.6988,2026-07-20T15:52:31
PEPG,2026-07-17,1,high,2.25,5.061,3.121,4.4444,True,0.6166,1.3234,2026-07-20T15:52:31
NBIS,2026-07-17,1,high,177.71,5.493,8.443,9.3579,True,3.8649,0.9149,2026-07-20T15:52:31
REBN,2026-07-17,1,high,1.38,3.986,4.582,2.1739,True,1.8121,2.4081,2026-07-20T15:52:31
INV,2026-07-17,1,high,3.37,9.983,14.556,6.5282,True,3.4548,8.0278,2026-07-20T15:52:31
SGMT,2026-07-17,1,high,7.82,4.077,3.837,2.3018,True,1.7752,1.5352,2026-07-20T15:52:31
BULL,2026-07-17,1,high,7.23,2.615,5.465,4.9101,True,2.2951,0.5549,2026-07-20T15:52:32
CRCL,2026-07-17,1,high,60.46,2.964,4.428,7.6743,True,4.7103,3.2463,2026-07-20T15:52:32
FBYD,2026-07-17,1,high,11.1,8.282,13.702,7.4766,True,0.8054,6.2254,2026-07-20T15:52:32
SSII,2026-07-17,1,high,3.64,4.683,2.719,-0.5495,False,5.2325,3.2685,2026-07-20T15:52:32
TELO,2026-07-17,1,high,1.11,5.461,6.425,-7.2072,False,12.6682,13.6322,2026-07-20T15:52:32
PONY,2026-07-17,1,high,6.66,3.453,3.988,3.4535,True,0.0005,0.5345,2026-07-20T15:52:32
AARD,2026-07-17,1,high,5.86,5.061,6.368,8.4932,True,3.4322,2.1252,2026-07-20T15:52:32
IMRX,2026-07-17,1,high,4.64,4.959,3.7,5.7112,True,0.7522,2.0112,2026-07-20T15:52:32
PSIG,2026-07-17,1,high,1.24,5.499,,0.8065,True,4.6925,,2026-07-20T15:52:32
KBSX,2026-07-17,1,high,0.86,3.697,8.114,9.186,True,5.489,1.072,2026-07-20T15:52:33
PSNYW,2026-07-17,1,high,5.25,9.75,,-21.9048,False,31.6548,,2026-07-20T15:52:33
PSIX,2026-07-17,1,high,30.25,4.612,3.184,4.1322,True,0.4798,0.9482,2026-07-20T15:52:33
ZBIO,2026-07-17,1,high,29.53,4.533,3.704,3.8266,True,0.7064,0.1226,2026-07-20T15:52:33
LUNR,2026-07-17,1,high,13.52,4.006,4.993,4.7337,True,0.7277,0.2593,2026-07-20T15:52:33
UPST,2026-07-17,1,high,29.51,3.433,3.87,-0.2033,False,3.6363,4.0733,2026-07-20T15:52:33
EUDA,2026-07-17,1,high,11.3,6.366,,11.5044,True,5.1384,,2026-07-20T15:52:33
SHMD,2026-07-17,1,high,4.25,5.93,7.345,3.0588,True,2.8712,4.2862,2026-07-20T15:52:33
BTCL,2026-07-17,1,high,12.52,1.923,3.363,2.4657,True,0.5427,0.8973,2026-07-20T15:52:33
GNLX,2026-07-17,1,high,2.87,4.288,2.182,0.3484,True,3.9396,1.8336,2026-07-20T15:52:33
BTCZ,2026-07-17,1,high,5.47,2.655,4.181,0.5521,True,2.1029,3.6289,2026-07-20T15:52:33
GRAL,2026-07-17,1,high,72.62,4.021,3.87,-0.0675,False,4.0885,3.9375,2026-07-20T15:52:34
SCWO,2026-07-17,1,high,2.09,6.377,3.082,6.2201,True,0.1569,3.1381,2026-07-20T15:52:34
NTRB,2026-07-17,1,high,3.11,1.687,1.232,-0.6431,False,2.3301,1.8751,2026-07-20T15:52:34
MBX,2026-07-17,1,high,62.92,4.544,4.601,1.4463,True,3.0977,3.1547,2026-07-20T15:52:34
BTBD,2026-07-17,1,high,1.11,4.66,2.617,0.9009,True,3.7591,1.7161,2026-07-20T15:52:34
VOYG,2026-07-17,1,high,25.9,4.072,7.265,1.9301,True,2.1419,5.3349,2026-07-20T15:52:34
HERE,2026-07-17,1,high,1.89,3.489,3.375,-1.3228,False,4.8118,4.6978,2026-07-20T15:52:34
ABSI,2026-07-17,1,high,8.3,4.804,8.598,2.7711,True,2.0329,5.8269,2026-07-20T15:52:34
QXL,2026-07-17,1,high,4.81,5.509,8.262,2.9106,True,2.5984,5.3514,2026-07-20T15:52:34
CVKD,2026-07-17,1,high,2.16,6.689,8.749,4.6343,True,2.0547,4.1147,2026-07-20T15:52:34
JMIA,2026-07-17,1,high,6.5,3.35,3.868,1.7692,True,1.5808,2.0988,2026-07-20T15:52:34
CLYM,2026-07-17,1,high,12.7,5.569,5.91,3.8173,True,1.7517,2.0927,2026-07-20T15:52:35
FUFU,2026-07-17,1,high,1.4,2.739,3.254,7.1286,True,4.3896,3.8746,2026-07-20T15:52:35
TEM,2026-07-17,1,high,52.47,3.971,3.182,-4.898,False,8.869,8.08,2026-07-20T15:52:35
BNC,2026-07-17,1,high,2.93,3.124,5.045,1.0239,True,2.1001,4.0211,2026-07-20T15:52:35
KYTX,2026-07-17,1,high,7.45,4.538,3.865,1.8792,True,2.6588,1.9858,2026-07-20T15:52:35
PMN,2026-07-17,1,high,15.19,6.195,5.359,9.2824,True,3.0874,3.9234,2026-07-20T15:52:35
HIVE,2026-07-17,1,high,2.85,4.228,6.576,7.0211,True,2.7931,0.4451,2026-07-20T15:52:35
BRFH,2026-07-17,1,high,1.85,1.732,1.887,-0.2703,False,2.0023,2.1573,2026-07-20T15:52:35
WAVE,2026-07-17,1,high,8.71,4.887,6.267,2.0666,True,2.8204,4.2004,2026-07-20T15:52:35
SUIG,2026-07-17,1,high,1.13,4.015,7.605,3.5487,True,0.4663,4.0563,2026-07-20T15:52:35
NVOX,2026-07-17,1,high,17.46,2.13,4.995,0.3436,True,1.7864,4.6514,2026-07-20T15:52:35
SANA,2026-07-17,1,high,3.15,4.746,4.005,2.9841,True,1.7619,1.0209,2026-07-20T15:52:35
AIRO,2026-07-17,1,high,6.53,3.887,5.26,1.3783,True,2.5087,3.8817,2026-07-20T15:52:35
GLXY,2026-07-17,1,high,21.63,3.743,4.491,9.5238,True,5.7808,5.0328,2026-07-20T15:52:35
ZOOZ,2026-07-17,1,high,4.99,4.273,4.902,-0.4008,False,4.6738,5.3028,2026-07-20T15:52:35
TOYO,2026-07-17,1,high,5.22,4.582,4.63,1.8199,True,2.7621,2.8101,2026-07-20T15:52:36
ATLX,2026-07-17,1,high,3.04,4.317,4.202,-1.3158,False,5.6328,5.5178,2026-07-20T15:52:36
FLNC,2026-07-17,1,high,14.07,4.439,6.828,3.4115,True,1.0275,3.4165,2026-07-20T15:52:36
RHLD,2026-07-17,1,high,133.27,3.635,2.589,1.7333,True,1.9017,0.8557,2026-07-20T15:52:36
DJT,2026-07-17,1,high,9.66,2.573,,1.6563,True,0.9167,,2026-07-20T15:52:36
AKA,2026-07-17,1,high,11.01,2.997,4.667,2.4977,True,0.4993,2.1693,2026-07-20T15:52:36
KC,2026-07-17,1,high,9.54,2.987,4.507,6.9182,True,3.9312,2.4112,2026-07-20T15:52:36
GLSI,2026-07-17,1,high,16.32,5.637,5.102,5.3922,True,0.2448,0.2902,2026-07-20T15:52:36
LVO,2026-07-17,1,high,5.29,4.88,5.022,1.3233,True,3.5567,3.6987,2026-07-20T15:52:36
ANRO,2026-07-17,1,high,27.54,4.214,4.545,3.9216,True,0.2924,0.6234,2026-07-20T15:52:36
RADX,2026-07-17,1,high,4.43,2.781,1.144,-0.6795,False,3.4605,1.8235,2026-07-20T15:52:36
GCT,2026-07-17,1,high,38.01,2.911,3.686,3.4465,True,0.5355,0.2395,2026-07-20T15:52:36
UNCY,2026-07-17,1,high,5.38,4.334,4.035,1.7658,True,2.5682,2.2692,2026-07-20T15:52:36
CELZ,2026-07-17,1,high,0.88,5.956,,5.6818,True,0.2742,,2026-07-20T15:52:37
PODC,2026-07-17,1,high,4.08,4.733,6.065,1.9608,True,2.7722,4.1042,2026-07-20T15:52:37
LVWR,2026-07-17,1,high,0.69,5.493,,6.8116,True,1.3186,,2026-07-20T15:52:37
NMTC,2026-07-17,1,high,2.34,4.884,4.304,2.5641,True,2.3199,1.7399,2026-07-20T15:52:37
HTLM,2026-07-17,1,high,2.02,3.556,9.999,-0.9901,False,4.5461,10.9891,2026-07-20T15:52:37
SHIM,2026-07-17,1,high,3.71,4.631,6.543,2.4259,True,2.2051,4.1171,2026-07-20T15:52:37
PRME,2026-07-17,1,high,3.13,4.142,4.533,2.8754,True,1.2666,1.6576,2026-07-20T15:52:37
LXEO,2026-07-17,1,high,4.69,4.081,3.835,2.1322,True,1.9488,1.7028,2026-07-20T15:52:37
RAPP,2026-07-17,1,high,42.62,3.799,2.853,3.8949,True,0.0959,1.0419,2026-07-20T15:52:37
IONQ,2026-07-17,1,high,34.78,3.85,4.898,4.3703,True,0.5203,0.5277,2026-07-20T15:52:37
SILO,2026-07-17,1,high,4.86,4.679,7.46,-1.2346,False,5.9136,8.6946,2026-07-20T15:52:37
URAA,2026-07-17,1,high,20.02,3.08,3.973,1.7982,True,1.2818,2.1748,2026-07-20T15:52:37
RDW,2026-07-17,1,high,8.45,4.871,7.359,3.4319,True,1.4391,3.9271,2026-07-20T15:52:37
AFRM,2026-07-17,1,high,76.07,2.871,3.688,1.0385,True,1.8325,2.6495,2026-07-20T15:52:38
ENGN,2026-07-17,1,high,1.82,5.054,2.656,2.2527,True,2.8013,0.4033,2026-07-20T15:52:38
WRD,2026-07-17,1,high,5.98,2.991,3.708,2.5084,True,0.4826,1.1996,2026-07-20T15:52:38
GLUE,2026-07-17,1,high,24.56,3.623,3.658,2.443,True,1.18,1.215,2026-07-20T15:52:38
NBTX,2026-07-17,1,high,37.79,3.594,5.887,3.7047,True,0.1107,2.1823,2026-07-20T15:52:38
LYEL,2026-07-17,1,high,13.32,4.727,4.108,1.0511,True,3.6759,3.0569,2026-07-20T15:52:38
AVR,2026-07-17,1,high,8.45,3.66,3.054,2.1302,True,1.5298,0.9238,2026-07-20T15:52:38
RXRX,2026-07-17,1,high,2.94,4.06,4.299,0.5102,True,3.5498,3.7888,2026-07-20T15:52:38
AEVA,2026-07-17,1,high,16.71,5.016,7.058,4.1293,True,0.8867,2.9287,2026-07-20T15:52:38
HSAI,2026-07-17,1,high,15.0,2.96,2.806,1.7333,True,1.2267,1.0727,2026-07-20T15:52:38
FULC,2026-07-17,1,high,3.65,3.722,3.437,3.4247,True,0.2973,0.0123,2026-07-20T15:52:38
FGI,2026-07-17,1,high,4.32,6.437,11.545,-0.463,False,6.9,12.008,2026-07-20T15:52:38
REAL,2026-07-17,1,high,11.21,4.71,5.596,2.8546,True,1.8554,2.7414,2026-07-20T15:52:38
NVTS,2026-07-17,1,high,11.46,5.44,7.928,7.1117,True,1.6717,0.8163,2026-07-20T15:52:38
ALMS,2026-07-17,1,high,28.66,4.629,2.448,3.1752,True,1.4538,0.7272,2026-07-20T15:52:38
ALAB,2026-07-17,1,high,303.62,3.909,6.348,6.2759,True,2.3669,0.0721,2026-07-20T15:52:38
CCCC,2026-07-17,1,high,3.69,4.515,6.559,1.084,True,3.431,5.475,2026-07-20T15:52:38
LSE,2026-07-17,1,high,4.4,4.447,5.335,1.0227,True,3.4243,4.3123,2026-07-20T15:52:38
TKNO,2026-07-17,1,high,5.42,4.918,6.206,0.8303,True,4.0877,5.3757,2026-07-20T15:52:39
ENVX,2026-07-17,1,high,4.72,3.123,3.648,2.9661,True,0.1569,0.6819,2026-07-20T15:52:39
LFMD,2026-07-17,1,high,4.15,3.458,5.166,1.0843,True,2.3737,4.0817,2026-07-20T15:52:39
MKZR,2026-07-17,1,high,1.67,4.286,1.284,-1.1976,False,5.4836,2.4816,2026-07-20T15:52:39
SERA,2026-07-17,1,high,2.05,4.535,,-2.6829,False,7.2179,,2026-07-20T15:52:39
QS,2026-07-17,1,high,5.86,3.596,4.818,2.0478,True,1.5482,2.7702,2026-07-20T15:52:39
OIO,2026-07-17,1,high,2.11,8.498,19.696,-1.4218,False,9.9198,21.1178,2026-07-20T15:52:39
ATOM,2026-07-17,1,high,5.62,5.192,9.872,2.2242,True,2.9678,7.6478,2026-07-20T15:52:39
NB,2026-07-17,1,high,4.26,4.108,3.484,0.939,True,3.169,2.545,2026-07-20T15:52:39
DUOT,2026-07-17,1,high,8.21,4.339,4.46,3.5323,True,0.8067,0.9277,2026-07-20T15:52:39
NMAX,2026-07-17,1,high,8.36,3.322,4.444,1.0766,True,2.2454,3.3674,2026-07-20T15:52:40
IMNM,2026-07-17,1,high,22.32,3.17,2.792,2.4194,True,0.7506,0.3726,2026-07-20T15:52:40
COIW,2026-07-17,1,high,8.5,2.614,4.492,2.0,True,0.614,2.492,2026-07-20T15:52:40
SKYT,2026-07-17,1,high,31.36,2.449,1.543,1.2117,True,1.2373,0.3313,2026-07-20T15:52:40
OLMA,2026-07-17,1,high,11.47,3.016,2.38,1.3078,True,1.7082,1.0722,2026-07-20T15:52:40
MFI,2026-07-17,1,high,8.3,3.198,3.765,0.8434,True,2.3546,2.9216,2026-07-20T15:52:40
ATHR,2026-07-17,1,high,4.35,2.434,2.692,8.5057,True,6.0717,5.8137,2026-07-20T15:52:41
INTJ,2026-07-17,1,high,3.17,5.076,6.743,0.3155,True,4.7605,6.4275,2026-07-20T15:52:41
LRE,2026-07-17,1,high,1.38,3.723,3.584,0.7246,True,2.9984,2.8594,2026-07-20T15:52:41
VRM,2026-07-17,1,high,7.13,6.534,11.975,2.8752,True,3.6588,9.0998,2026-07-20T15:52:41
ATCX,2026-07-20,1,high,3.1,4.497,,4.7032,True,0.2062,,2026-07-21T15:44:21
RGTU,2026-07-20,1,high,9.95,7.109,10.496,16.9849,True,9.8759,6.4889,2026-07-21T15:44:21
BVC,2026-07-17,1,high,10.84,8.651,6.62,0.0,True,8.651,6.62,2026-07-21T15:44:21
SPHL,2026-07-20,1,high,2.62,8.173,3.027,5.3435,True,2.8295,2.3165,2026-07-21T15:44:21
ASST,2026-07-20,1,high,12.24,8.92,,8.8235,True,0.0965,,2026-07-21T15:44:21
RIOX,2026-07-20,1,high,27.03,7.251,9.759,22.6045,True,15.3535,12.8455,2026-07-21T15:44:21
SKYQ,2026-07-20,1,high,4.39,8.954,23.12,5.9226,True,3.0314,17.1974,2026-07-21T15:44:21
EDHL,2026-07-20,1,high,3.76,8.827,27.422,1.3298,True,7.4972,26.0922,2026-07-21T15:44:21
ROBN,2026-07-20,1,high,29.44,5.017,8.228,14.198,True,9.181,5.97,2026-07-21T15:44:21
ATGL,2026-07-17,1,high,9.91,4.69,5.912,-7.9717,False,12.6617,13.8837,2026-07-21T15:44:22
MENS,2026-07-20,1,high,2.3,5.57,3.431,1.7391,True,3.8309,1.6919,2026-07-21T15:44:22
ETU,2026-07-20,1,high,4.22,1.997,1.951,6.1943,True,4.1973,4.2433,2026-07-21T15:44:22
BMGL,2026-07-20,1,high,5.32,5.94,9.136,6.203,True,0.263,2.933,2026-07-21T15:44:22
JLHL,2026-07-20,1,high,8.69,16.981,,-0.2301,False,17.2111,,2026-07-21T15:44:22
ETHT,2026-07-20,1,high,10.42,3.698,6.123,6.0941,True,2.3961,0.0289,2026-07-21T15:44:22
ETHU,2026-07-20,1,high,16.02,3.755,6.44,6.4295,True,2.6745,0.0105,2026-07-21T15:44:22
ETHD,2026-07-20,1,high,61.38,3.797,6.006,-4.2685,False,8.0655,10.2745,2026-07-21T15:44:22
XXRP,2026-07-20,1,high,22.71,2.659,4.249,8.7186,True,6.0596,4.4696,2026-07-21T15:44:22
CUPR,2026-07-20,1,high,4.07,6.344,,-1.7199,False,8.0639,,2026-07-21T15:44:22
CRML,2026-07-20,1,high,6.09,5.673,5.119,8.867,True,3.194,3.748,2026-07-21T15:44:22
PDC,2026-07-20,1,high,3.79,7.629,7.312,-8.971,False,16.6,16.283,2026-07-21T15:44:22
ZENA,2026-07-20,1,high,1.45,6.588,,6.8965,True,0.3085,,2026-07-21T15:44:22
NNE,2026-07-20,1,high,16.03,4.842,3.9,6.7374,True,1.8954,2.8374,2026-07-21T15:44:22
LHSW,2026-07-20,1,high,2.24,3.847,,0.4464,True,3.4006,,2026-07-21T15:44:22
HTCO,2026-07-20,1,high,2.93,7.404,,4.0922,True,3.3118,,2026-07-21T15:44:22
FATN,2026-07-20,1,high,4.51,6.657,9.823,8.6475,True,1.9905,1.1755,2026-07-21T15:44:22
FOXX,2026-07-20,1,high,2.86,6.675,5.985,-2.4476,False,9.1226,8.4326,2026-07-21T15:44:23
BGLC,2026-07-20,1,high,1.67,8.19,5.378,-2.3952,False,10.5852,7.7732,2026-07-21T15:44:23
DTCX,2026-07-20,1,high,2.14,4.223,4.225,-3.7757,False,7.9987,8.0007,2026-07-21T15:44:23
IOTR,2026-07-20,1,high,3.38,4.745,9.188,9.1716,True,4.4266,0.0164,2026-07-21T15:44:23
RZLV,2026-07-20,1,high,2.28,4.601,4.219,6.579,True,1.978,2.36,2026-07-21T15:44:23
SERV,2026-07-20,1,high,5.14,3.632,1.802,4.572,True,0.94,2.77,2026-07-21T15:44:23
SPAI,2026-07-20,1,high,3.92,5.335,4.548,-0.2296,False,5.5646,4.7776,2026-07-21T15:44:23
CAMP,2026-07-20,1,high,3.32,9.362,7.518,3.9157,True,5.4463,3.6023,2026-07-21T15:44:23
MIMI,2026-07-20,1,high,2.28,6.207,10.902,-6.1403,False,12.3473,17.0423,2026-07-21T15:44:23
RAY,2026-07-20,1,high,2.98,3.932,3.711,-6.0403,False,9.9723,9.7513,2026-07-21T15:44:23
SORA,2026-07-20,1,high,1.7,4.233,5.995,11.1765,True,6.9435,5.1815,2026-07-21T15:44:23
PN,2026-07-20,1,high,4.1,7.667,17.174,0.7317,True,6.9353,16.4423,2026-07-21T15:44:23
MB,2026-07-17,1,high,4.01,5.524,5.293,0.9975,True,4.5265,4.2955,2026-07-21T15:44:24
ARTV,2026-07-20,1,high,9.42,5.578,7.442,4.5648,True,1.0132,2.8772,2026-07-21T15:44:24
ALMU,2026-07-20,1,high,14.62,5.346,7.537,6.5663,True,1.2203,0.9707,2026-07-21T15:44:24
JFB,2026-07-20,1,high,3.91,6.145,3.539,-3.3248,False,9.4698,6.8638,2026-07-21T15:44:24
NNNN,2026-07-20,1,high,9.74,7.108,4.507,1.4887,True,5.6193,3.0183,2026-07-21T15:44:24
ANNA,2026-07-20,1,high,3.65,5.045,9.147,0.6849,True,4.3601,8.4621,2026-07-21T15:44:24
AXG,2026-07-20,1,high,3.18,2.651,0.986,2.044,True,0.607,1.058,2026-07-21T15:44:24
WXM,2026-07-20,1,high,3.02,7.22,,10.2649,True,3.0449,,2026-07-21T15:44:24
RAIN,2026-07-20,1,high,1.62,6.632,7.262,16.5556,True,9.9236,9.2936,2026-07-21T15:44:24
NTHI,2026-07-20,1,high,3.36,6.091,6.32,1.4881,True,4.6029,4.8319,2026-07-21T15:44:24
TSSI,2026-07-20,1,high,9.21,4.524,5.139,5.8632,True,1.3392,0.7242,2026-07-21T15:44:24
DXYZ,2026-07-20,1,high,24.99,4.019,4.452,3.8015,True,0.2175,0.6505,2026-07-21T15:44:24
BTDR,2026-07-20,1,high,11.36,4.871,6.291,11.3116,True,6.4406,5.0206,2026-07-21T15:44:24
ZJK,2026-07-20,1,high,1.91,5.304,6.197,8.377,True,3.073,2.18,2026-07-21T15:44:24
HTCR,2026-07-20,1,high,2.52,5.016,5.753,-0.4167,False,5.4327,6.1697,2026-07-21T15:44:24
SAIH,2026-07-20,1,high,13.13,2.563,2.948,2.8225,True,0.2595,0.1255,2026-07-21T15:44:24
ALOY,2026-07-20,1,high,8.08,6.207,6.403,14.4183,True,8.2113,8.0153,2026-07-21T15:44:24
WFF,2026-07-20,1,high,2.22,6.289,5.038,7.8829,True,1.5939,2.8449,2026-07-21T15:44:25
SPPL,2026-07-20,1,high,3.33,4.712,4.833,9.009,True,4.297,4.176,2026-07-21T15:44:25
ARBB,2026-07-17,1,high,4.35,5.274,5.557,-0.0,False,5.274,5.557,2026-07-21T15:44:25
DTST,2026-07-20,1,high,3.33,2.444,2.986,1.0511,True,1.3929,1.9349,2026-07-21T15:44:25
CLSK,2026-07-20,1,high,14.31,8.261,10.605,9.1195,True,0.8585,1.4855,2026-07-21T15:44:25
CRWV,2026-07-20,1,high,75.71,5.469,5.324,3.5002,True,1.9688,1.8238,2026-07-21T15:44:25
SUPX,2026-07-20,1,high,7.71,4.813,6.317,-0.0649,False,4.8779,6.3819,2026-07-21T15:44:25
BMR,2026-07-20,1,high,1.2,3.968,4.06,4.1667,True,0.1987,0.1067,2026-07-21T15:44:25
CNCK,2026-07-20,1,high,2.89,4.605,5.756,0.0,True,4.605,5.756,2026-07-21T15:44:25
ILAG,2026-07-20,1,high,3.67,3.528,2.003,-4.0899,False,7.6179,6.0929,2026-07-21T15:44:25
BCG,2026-07-20,1,high,1.52,4.115,3.09,0.9868,True,3.1282,2.1032,2026-07-21T15:44:25
INKT,2026-07-20,1,high,10.58,5.204,4.596,6.8053,True,1.6013,2.2093,2026-07-21T15:44:25
WYHG,2026-07-20,1,high,3.69,6.117,,5.6911,True,0.4259,,2026-07-21T15:44:25
LCFY,2026-07-20,1,high,2.73,5.426,3.473,-0.3663,False,5.7923,3.8393,2026-07-21T15:44:25
ADVB,2026-07-20,1,high,8.13,8.759,13.412,9.1021,True,0.3431,4.3099,2026-07-21T15:44:25
HUT,2026-07-20,1,high,101.61,3.623,4.571,6.9383,True,3.3153,2.3673,2026-07-21T15:44:25
PEPG,2026-07-20,1,high,2.24,4.936,3.019,1.5625,True,3.3735,1.4565,2026-07-21T15:44:25
NBIS,2026-07-20,1,high,184.69,4.996,7.784,12.7565,True,7.7605,4.9725,2026-07-21T15:44:25
WTF,2026-07-17,1,high,3.01,4.141,6.085,2.99,True,1.151,3.095,2026-07-21T15:44:25
REBN,2026-07-20,1,high,1.37,4.218,4.719,3.2847,True,0.9333,1.4343,2026-07-21T15:44:25
INV,2026-07-20,1,high,3.3,5.842,8.109,3.9394,True,1.9026,4.1696,2026-07-21T15:44:26
SGMT,2026-07-20,1,high,7.56,3.884,3.381,-4.4974,False,8.3814,7.8784,2026-07-21T15:44:26
BULL,2026-07-20,1,high,7.49,2.718,5.044,9.1455,True,6.4275,4.1015,2026-07-21T15:44:26
CRCL,2026-07-20,1,high,64.12,3.298,4.968,13.3422,True,10.0442,8.3742,2026-07-21T15:44:26
FBYD,2026-07-20,1,high,10.86,7.125,11.623,4.1437,True,2.9813,7.4793,2026-07-21T15:44:26
SSII,2026-07-20,1,high,3.61,4.671,2.854,4.4321,True,0.2389,1.5781,2026-07-21T15:44:26
TELO,2026-07-20,1,high,0.97,13.622,14.78,19.6082,True,5.9862,4.8282,2026-07-21T15:44:26
NCEW,2026-07-17,1,high,17.1,3.319,2.97,-0.5848,False,3.9038,3.5548,2026-07-21T15:44:26
PONY,2026-07-20,1,high,6.72,3.433,3.978,4.9107,True,1.4777,0.9327,2026-07-21T15:44:26
AARD,2026-07-20,1,high,6.19,5.033,6.446,-6.3005,False,11.3335,12.7465,2026-07-21T15:44:26
IMRX,2026-07-20,1,high,4.42,5.166,4.167,1.9231,True,3.2429,2.2439,2026-07-21T15:44:26
PSIG,2026-07-20,1,high,1.23,5.36,3.298,-1.2195,False,6.5795,4.5175,2026-07-21T15:44:26
PSNYW,2026-07-20,1,high,3.48,8.134,,0.5747,True,7.5593,,2026-07-21T15:44:26
PSIX,2026-07-20,1,high,29.93,4.586,3.304,5.1119,True,0.5259,1.8079,2026-07-21T15:44:26
ZBIO,2026-07-20,1,high,30.23,3.136,2.56,9.7254,True,6.5894,7.1654,2026-07-21T15:44:26
LUNR,2026-07-20,1,high,13.77,3.622,4.538,7.5163,True,3.8943,2.9783,2026-07-21T15:44:26
UPST,2026-07-20,1,high,28.98,3.166,3.887,3.2436,True,0.0776,0.6434,2026-07-21T15:44:26
EUDA,2026-07-20,1,high,11.69,6.505,,31.6595,True,25.1545,,2026-07-21T15:44:26
SHMD,2026-07-20,1,high,4.18,6.074,6.998,8.6124,True,2.5384,1.6144,2026-07-21T15:44:26
BTCL,2026-07-20,1,high,12.77,2.319,3.94,6.3821,True,4.0631,2.4421,2026-07-21T15:44:27
GNLX,2026-07-20,1,high,2.8,4.265,2.058,5.3571,True,1.0921,3.2991,2026-07-21T15:44:27
GRAL,2026-07-20,1,high,69.59,3.947,3.535,3.6356,True,0.3114,0.1006,2026-07-21T15:44:27
SCWO,2026-07-20,1,high,2.06,5.952,3.013,1.9417,True,4.0103,1.0713,2026-07-21T15:44:27
NTRB,2026-07-20,1,high,3.05,1.641,1.229,0.6557,True,0.9853,0.5733,2026-07-21T15:44:27
BTBD,2026-07-20,1,high,1.12,4.617,5.32,0.0,True,4.617,5.32,2026-07-21T15:44:27
VOYG,2026-07-20,1,high,25.17,4.063,7.129,7.2706,True,3.2076,0.1416,2026-07-21T15:44:27
HERE,2026-07-20,1,high,1.84,5.467,5.341,4.3478,True,1.1192,0.9932,2026-07-21T15:44:27
ABSI,2026-07-20,1,high,8.19,3.616,5.836,0.4884,True,3.1276,5.3476,2026-07-21T15:44:27
BLIV,2026-07-17,1,high,2.38,1.025,3.111,0.0,True,1.025,3.111,2026-07-21T15:44:27
QXL,2026-07-20,1,high,4.61,5.278,7.809,11.4967,True,6.2187,3.6877,2026-07-21T15:44:27
CVKD,2026-07-20,1,high,2.15,6.331,7.218,10.9395,True,4.6085,3.7215,2026-07-21T15:44:27
JMIA,2026-07-20,1,high,6.39,3.147,3.759,1.252,True,1.895,2.507,2026-07-21T15:44:27
CLYM,2026-07-20,1,high,12.85,4.567,4.857,0.0778,True,4.4892,4.7792,2026-07-21T15:44:27
GDEV,2026-07-17,1,high,11.76,3.323,3.542,2.0408,True,1.2822,1.5012,2026-07-21T15:44:27
PFAI,2026-07-17,1,high,3.33,4.219,,-0.0,False,4.219,,2026-07-21T15:44:28
FUFU,2026-07-20,1,high,1.48,3.083,3.765,8.7838,True,5.7008,5.0188,2026-07-21T15:44:28
TEM,2026-07-20,1,high,47.58,3.751,2.988,5.1072,True,1.3562,2.1192,2026-07-21T15:44:28
BNC,2026-07-20,1,high,2.92,4.044,5.711,5.4794,True,1.4354,0.2316,2026-07-21T15:44:28
KYTX,2026-07-20,1,high,7.26,4.201,3.56,2.4793,True,1.7217,1.0807,2026-07-21T15:44:28
PMN,2026-07-20,1,high,16.24,6.202,5.222,-5.0499,False,11.2519,10.2719,2026-07-21T15:44:28
HIVE,2026-07-20,1,high,3.02,3.586,5.745,8.6093,True,5.0233,2.8643,2026-07-21T15:44:28
BRFH,2026-07-20,1,high,1.85,3.184,3.373,3.7838,True,0.5998,0.4108,2026-07-21T15:44:28
NVOX,2026-07-20,1,high,17.39,2.212,5.108,-1.6389,False,3.8509,6.7469,2026-07-21T15:44:28
SANA,2026-07-20,1,high,3.07,4.935,4.044,5.5375,True,0.6025,1.4935,2026-07-21T15:44:28
AIRO,2026-07-20,1,high,6.49,3.817,5.1,10.4777,True,6.6607,5.3777,2026-07-21T15:44:28
GLXY,2026-07-20,1,high,23.33,3.571,4.395,11.4016,True,7.8306,7.0066,2026-07-21T15:44:28
ZOOZ,2026-07-20,1,high,4.97,3.147,4.599,6.6398,True,3.4928,2.0408,2026-07-21T15:44:28
TOYO,2026-07-20,1,high,5.16,4.576,4.336,3.6822,True,0.8938,0.6538,2026-07-21T15:44:28
ATLX,2026-07-20,1,high,2.82,4.278,4.226,4.6135,True,0.3355,0.3875,2026-07-21T15:44:28
FLNC,2026-07-20,1,high,13.98,3.751,5.904,10.372,True,6.621,4.468,2026-07-21T15:44:28
FIEE,2026-07-17,1,high,3.55,3.823,3.594,2.8169,True,1.0061,0.7771,2026-07-21T15:44:29
RHLD,2026-07-20,1,high,134.71,3.365,2.382,0.8091,True,2.5559,1.5729,2026-07-21T15:44:29
DJT,2026-07-20,1,high,9.5,2.876,,4.5263,True,1.6503,,2026-07-21T15:44:29
AKA,2026-07-20,1,high,11.01,2.689,4.062,0.8174,True,1.8716,3.2446,2026-07-21T15:44:29
KC,2026-07-20,1,high,10.06,3.603,5.745,1.6899,True,1.9131,4.0551,2026-07-21T15:44:29
GLSI,2026-07-20,1,high,14.42,5.073,4.248,-2.6352,False,7.7082,6.8832,2026-07-21T15:44:29
LVO,2026-07-20,1,high,5.31,3.753,3.758,6.2147,True,2.4617,2.4567,2026-07-21T15:44:29
ANRO,2026-07-20,1,high,27.12,4.314,4.834,1.0324,True,3.2816,3.8016,2026-07-21T15:44:29
RADX,2026-07-20,1,high,4.12,3.384,1.437,7.2816,True,3.8976,5.8446,2026-07-21T15:44:29
GCT,2026-07-20,1,high,38.11,2.993,3.791,1.8105,True,1.1825,1.9805,2026-07-21T15:44:29
UNCY,2026-07-20,1,high,5.3,4.343,3.904,5.4717,True,1.1287,1.5677,2026-07-21T15:44:30
CELZ,2026-07-20,1,high,0.9,5.285,,-0.0444,False,5.3294,,2026-07-21T15:44:30
PODC,2026-07-20,1,high,4.12,5.07,6.285,0.9709,True,4.0991,5.3141,2026-07-21T15:44:30
LVWR,2026-07-20,1,high,0.73,5.318,8.736,26.7123,True,21.3943,17.9763,2026-07-21T15:44:30
NMTC,2026-07-20,1,high,2.27,5.481,5.002,-3.5242,False,9.0052,8.5262,2026-07-21T15:44:30
HTLM,2026-07-20,1,high,1.99,3.273,8.407,-1.005,False,4.278,9.412,2026-07-21T15:44:30
SHIM,2026-07-20,1,high,3.68,4.247,6.206,4.0761,True,0.1709,2.1299,2026-07-21T15:44:30
PRME,2026-07-20,1,high,3.1,3.302,3.282,1.6129,True,1.6891,1.6691,2026-07-21T15:44:30
LXEO,2026-07-20,1,high,4.51,4.732,4.291,4.6563,True,0.0757,0.3653,2026-07-21T15:44:30
RAPP,2026-07-20,1,high,41.73,3.458,2.557,1.3417,True,2.1163,1.2153,2026-07-21T15:44:30
IONQ,2026-07-20,1,high,34.53,3.601,4.362,4.4309,True,0.8299,0.0689,2026-07-21T15:44:30
SILO,2026-07-20,1,high,4.59,4.328,6.658,5.6645,True,1.3365,0.9935,2026-07-21T15:44:30
URAA,2026-07-20,1,high,20.07,3.248,4.201,7.1251,True,3.8771,2.9241,2026-07-21T15:44:30
RDW,2026-07-20,1,high,8.51,4.337,6.553,10.047,True,5.71,3.494,2026-07-21T15:44:30
AFRM,2026-07-20,1,high,76.19,2.808,3.508,-0.9056,False,3.7136,4.4136,2026-07-21T15:44:30
ENGN,2026-07-20,1,high,1.83,5.0,2.822,4.918,True,0.082,2.096,2026-07-21T15:44:30
WRD,2026-07-20,1,high,5.97,2.331,2.874,0.8375,True,1.4935,2.0365,2026-07-21T15:44:30
GLUE,2026-07-20,1,high,24.07,3.646,3.559,0.6647,True,2.9813,2.8943,2026-07-21T15:44:30
NBTX,2026-07-20,1,high,35.68,3.728,5.359,9.8655,True,6.1375,4.5065,2026-07-21T15:44:31
LYEL,2026-07-20,1,high,13.06,4.72,4.121,2.1103,True,2.6097,2.0107,2026-07-21T15:44:31
AVR,2026-07-20,1,high,8.32,3.879,3.387,-0.2284,False,4.1074,3.6154,2026-07-21T15:44:31
RXRX,2026-07-20,1,high,2.88,3.889,4.089,6.5972,True,2.7082,2.5082,2026-07-21T15:44:31
AEVA,2026-07-20,1,high,16.17,4.698,6.471,9.7712,True,5.0732,3.3002,2026-07-21T15:44:31
HSAI,2026-07-20,1,high,14.94,2.861,3.03,4.5515,True,1.6905,1.5215,2026-07-21T15:44:31
FULC,2026-07-20,1,high,3.62,3.508,3.255,3.0387,True,0.4693,0.2163,2026-07-21T15:44:31
FGI,2026-07-20,1,high,4.27,5.394,9.303,4.4778,True,0.9162,4.8252,2026-07-21T15:44:31
REAL,2026-07-20,1,high,11.49,3.68,4.331,3.96,True,0.28,0.371,2026-07-21T15:44:31
NVTS,2026-07-20,1,high,11.74,5.369,7.814,8.0068,True,2.6378,0.1928,2026-07-21T15:44:31
ALMS,2026-07-20,1,high,28.64,4.583,2.209,2.4267,True,2.1563,0.2177,2026-07-21T15:44:31
ALAB,2026-07-20,1,high,318.0,3.897,6.683,4.1604,True,0.2634,2.5226,2026-07-21T15:44:31
CCCC,2026-07-20,1,high,3.49,4.676,6.523,10.0287,True,5.3527,3.5057,2026-07-21T15:44:31
TKNO,2026-07-20,1,high,5.25,4.762,6.064,5.3333,True,0.5713,0.7307,2026-07-21T15:44:31
ENVX,2026-07-20,1,high,4.57,3.676,4.257,6.5645,True,2.8885,2.3075,2026-07-21T15:44:31
LFMD,2026-07-20,1,high,4.11,3.306,4.503,6.691,True,3.385,2.188,2026-07-21T15:44:31
MKZR,2026-07-20,1,high,1.61,2.927,0.902,2.1739,True,0.7531,1.2719,2026-07-21T15:44:32
SERA,2026-07-20,1,high,2.0,4.241,,11.0,True,6.759,,2026-07-21T15:44:32
QS,2026-07-20,1,high,5.91,3.667,4.941,2.9611,True,0.7059,1.9799,2026-07-21T15:44:32
ATOM,2026-07-20,1,high,5.43,5.194,8.638,6.814,True,1.62,1.824,2026-07-21T15:44:32
RDAC,2026-07-17,1,high,5.55,5.004,,9.5495,True,4.5455,,2026-07-21T15:44:32
NB,2026-07-20,1,high,4.22,3.541,2.909,6.0427,True,2.5017,3.1337,2026-07-21T15:44:32
DUOT,2026-07-20,1,high,8.23,5.158,5.13,3.0535,True,2.1045,2.0765,2026-07-21T15:44:32
NMAX,2026-07-20,1,high,8.33,3.945,5.209,-0.8031,False,4.7481,6.0121,2026-07-21T15:44:32
IMNM,2026-07-20,1,high,22.15,3.163,2.675,1.7833,True,1.3797,0.8917,2026-07-21T15:44:32
COIW,2026-07-20,1,high,8.58,2.604,4.521,15.5012,True,12.8972,10.9802,2026-07-21T15:44:32
SKYT,2026-07-20,1,high,30.95,2.033,1.287,2.2617,True,0.2287,0.9747,2026-07-21T15:44:32
OLMA,2026-07-20,1,high,11.49,3.29,2.572,1.0444,True,2.2456,1.5276,2026-07-21T15:44:32
AFJK,2026-07-20,1,high,11.75,7.79,12.995,0.0,,7.79,12.995,2026-07-21T15:44:32
WAVE,2026-07-20,1,high,8.8,4.398,5.756,-3.4091,False,7.8071,9.1651,2026-07-21T15:44:33
SUIG,2026-07-20,1,high,1.1,4.515,6.752,12.7273,True,8.2123,5.9753,2026-07-21T15:44:33
VRM,2026-07-20,1,high,7.07,2.345,4.074,1.9095,True,0.4355,2.1645,2026-07-21T15:44:33
BTCZ,2026-07-20,1,high,5.35,2.665,4.327,-4.2972,False,6.9622,8.6242,2026-07-21T15:44:34
MBX,2026-07-20,1,high,60.65,4.314,4.339,0.8574,True,3.4566,3.4816,2026-07-21T15:44:34
OIO,2026-07-20,1,high,1.88,5.819,13.271,6.9149,True,1.0959,6.3561,2026-07-21T15:44:34
