ticker,as_of_date,horizon_days,target_kind,current_price,raw_pct_change,calibrated_pct_change,direction_accuracy_at_prediction,logged_at
ATCX,2026-07-17,1,high,3.17,3.488,,,2026-07-18T19:33:09
ATCX,2026-07-17,5,high,3.17,-0.394,,,2026-07-18T19:33:09
ATCX,2026-07-17,10,high,3.17,-4.962,,,2026-07-18T19:33:09
ATCX,2026-07-17,20,high,3.17,-5.623,,,2026-07-18T19:33:09
RGTU,2026-07-17,1,high,9.86,5.978,9.053,81.48,2026-07-18T19:33:09
RGTU,2026-07-17,5,high,9.86,19.336,,50.94,2026-07-18T19:33:09
RGTU,2026-07-17,10,high,9.86,36.725,,44.23,2026-07-18T19:33:09
RGTU,2026-07-17,20,high,9.86,55.779,,48.0,2026-07-18T19:33:09
BVC,2026-07-17,1,high,10.84,9.197,6.887,72.73,2026-07-18T19:33:09
BVC,2026-07-17,5,high,10.84,19.516,9.906,68.0,2026-07-18T19:33:09
BVC,2026-07-17,10,high,10.84,33.299,12.451,67.68,2026-07-18T19:33:09
BVC,2026-07-17,20,high,10.84,18.626,4.859,69.79,2026-07-18T19:33:09
SPHL,2026-07-17,1,high,2.61,9.843,3.64,80.0,2026-07-18T19:33:09
SPHL,2026-07-17,5,high,2.61,11.69,16.505,62.79,2026-07-18T19:33:09
SPHL,2026-07-17,10,high,2.61,13.876,28.813,61.18,2026-07-18T19:33:09
SPHL,2026-07-17,20,high,2.61,11.197,13.328,71.08,2026-07-18T19:33:09
ASST,2026-07-17,1,high,11.86,7.754,,,2026-07-18T19:33:09
ASST,2026-07-17,5,high,11.86,56.708,,,2026-07-18T19:33:09
ASST,2026-07-17,10,high,11.86,29.101,2.02,69.7,2026-07-18T19:33:09
ASST,2026-07-17,20,high,11.86,90.648,,,2026-07-18T19:33:09
RIOX,2026-07-17,1,high,24.67,7.549,9.829,80.52,2026-07-18T19:33:09
RIOX,2026-07-17,5,high,24.67,19.459,75.762,60.53,2026-07-18T19:33:09
RIOX,2026-07-17,10,high,24.67,29.321,113.653,70.67,2026-07-18T19:33:09
RIOX,2026-07-17,20,high,24.67,11.971,94.261,78.08,2026-07-18T19:33:09
SKYQ,2026-07-17,1,high,3.8,9.011,23.056,73.56,2026-07-18T19:33:09
SKYQ,2026-07-17,5,high,3.8,9.155,,46.59,2026-07-18T19:33:09
SKYQ,2026-07-17,10,high,3.8,11.935,,,2026-07-18T19:33:09
SKYQ,2026-07-17,20,high,3.8,18.7,,,2026-07-18T19:33:09
EDHL,2026-07-17,1,high,3.91,8.99,29.443,67.74,2026-07-18T19:33:09
EDHL,2026-07-17,5,high,3.91,10.688,62.9,61.29,2026-07-18T19:33:09
EDHL,2026-07-17,10,high,3.91,9.481,,,2026-07-18T19:33:09
EDHL,2026-07-17,20,high,3.91,4.602,,,2026-07-18T19:33:09
ROBN,2026-07-17,1,high,29.05,3.747,6.167,79.45,2026-07-18T19:33:09
ROBN,2026-07-17,5,high,29.05,4.472,11.657,64.38,2026-07-18T19:33:09
ROBN,2026-07-17,10,high,29.05,4.383,7.813,73.61,2026-07-18T19:33:09
ROBN,2026-07-17,20,high,29.05,3.894,3.103,78.57,2026-07-18T19:33:09
ATGL,2026-07-17,1,high,9.91,2.068,2.597,64.94,2026-07-18T19:33:09
ATGL,2026-07-17,5,high,9.91,5.018,,52.08,2026-07-18T19:33:09
ATGL,2026-07-17,10,high,9.91,11.736,,38.54,2026-07-18T19:33:09
ATGL,2026-07-17,20,high,9.91,23.828,,31.25,2026-07-18T19:33:09
MENS,2026-07-17,1,high,2.26,5.531,3.349,95.92,2026-07-18T19:33:09
MENS,2026-07-17,5,high,2.26,8.732,8.892,67.92,2026-07-18T19:33:09
MENS,2026-07-17,10,high,2.26,6.41,,53.85,2026-07-18T19:33:09
MENS,2026-07-17,20,high,2.26,2.837,,47.06,2026-07-18T19:33:09
ETU,2026-07-17,1,high,4.05,4.214,5.311,65.88,2026-07-18T19:33:09
ETU,2026-07-17,5,high,4.05,3.098,,52.33,2026-07-18T19:33:09
ETU,2026-07-17,10,high,4.05,4.052,,45.88,2026-07-18T19:33:09
ETU,2026-07-17,20,high,4.05,3.854,,51.81,2026-07-18T19:33:09
BMGL,2026-07-17,1,high,5.26,6.035,9.3,76.12,2026-07-18T19:33:09
BMGL,2026-07-17,5,high,5.26,4.117,21.418,61.76,2026-07-18T19:33:09
BMGL,2026-07-17,10,high,5.26,3.277,9.074,69.12,2026-07-18T19:33:09
BMGL,2026-07-17,20,high,5.26,-1.316,,47.69,2026-07-18T19:33:09
JLHL,2026-07-17,1,high,9.35,14.976,,,2026-07-18T19:33:09
JLHL,2026-07-17,5,high,9.35,21.729,,,2026-07-18T19:33:09
JLHL,2026-07-17,10,high,9.35,19.635,83.827,67.31,2026-07-18T19:33:09
JLHL,2026-07-17,20,high,9.35,34.652,217.489,68.0,2026-07-18T19:33:09
ETHT,2026-07-17,1,high,9.98,3.732,6.075,66.0,2026-07-18T19:33:09
ETHT,2026-07-17,5,high,9.98,3.151,,54.0,2026-07-18T19:33:09
ETHT,2026-07-17,10,high,9.98,2.816,,50.51,2026-07-18T19:33:09
ETHT,2026-07-17,20,high,9.98,2.306,,51.55,2026-07-18T19:33:09
ETHU,2026-07-17,1,high,15.39,3.823,6.51,64.29,2026-07-18T19:33:09
ETHU,2026-07-17,5,high,15.39,3.209,7.549,55.0,2026-07-18T19:33:09
ETHU,2026-07-17,10,high,15.39,2.677,,51.52,2026-07-18T19:33:09
ETHU,2026-07-17,20,high,15.39,0.298,,51.55,2026-07-18T19:33:09
ETHD,2026-07-17,1,high,64.24,3.449,5.573,69.0,2026-07-18T19:33:09
ETHD,2026-07-17,5,high,64.24,1.065,,49.0,2026-07-18T19:33:09
ETHD,2026-07-17,10,high,64.24,-2.407,,53.54,2026-07-18T19:33:09
ETHD,2026-07-17,20,high,64.24,-6.153,-9.94,62.89,2026-07-18T19:33:09
XXRP,2026-07-17,1,high,22.1,2.241,3.718,57.81,2026-07-18T19:33:09
XXRP,2026-07-17,5,high,22.1,-0.512,,46.03,2026-07-18T19:33:09
XXRP,2026-07-17,10,high,22.1,4.578,18.022,69.35,2026-07-18T19:33:09
XXRP,2026-07-17,20,high,22.1,-3.198,-10.775,70.0,2026-07-18T19:33:09
CUPR,2026-07-17,1,high,3.97,6.29,23.475,77.42,2026-07-18T19:33:09
CUPR,2026-07-17,5,high,3.97,5.895,,,2026-07-18T19:33:09
CUPR,2026-07-17,10,high,3.97,8.089,,54.84,2026-07-18T19:33:09
CUPR,2026-07-17,20,high,3.97,10.803,,,2026-07-18T19:33:09
CRML,2026-07-17,1,high,6.4,5.701,5.113,78.79,2026-07-18T19:33:09
CRML,2026-07-17,5,high,6.4,8.281,6.565,55.0,2026-07-18T19:33:09
CRML,2026-07-17,10,high,6.4,12.289,,,2026-07-18T19:33:09
CRML,2026-07-17,20,high,6.4,18.117,,31.96,2026-07-18T19:33:09
PDC,2026-07-17,1,high,3.57,6.541,6.122,92.93,2026-07-18T19:33:09
PDC,2026-07-17,5,high,3.57,4.366,5.556,67.0,2026-07-18T19:33:09
PDC,2026-07-17,10,high,3.57,9.887,18.874,59.18,2026-07-18T19:33:09
PDC,2026-07-17,20,high,3.57,11.58,27.286,60.82,2026-07-18T19:33:09
ZENA,2026-07-17,1,high,1.48,6.601,,,2026-07-18T19:33:09
ZENA,2026-07-17,5,high,1.48,9.793,4.623,59.09,2026-07-18T19:33:09
ZENA,2026-07-17,10,high,1.48,11.893,,48.84,2026-07-18T19:33:09
ZENA,2026-07-17,20,high,1.48,12.788,,,2026-07-18T19:33:09
NNE,2026-07-17,1,high,16.03,5.311,5.091,80.81,2026-07-18T19:33:09
NNE,2026-07-17,5,high,16.03,7.578,,54.0,2026-07-18T19:33:09
NNE,2026-07-17,10,high,16.03,7.421,,,2026-07-18T19:33:09
NNE,2026-07-17,20,high,16.03,18.001,,,2026-07-18T19:33:09
MFI,2026-07-17,1,high,8.3,2.986,3.52,76.92,2026-07-18T19:33:09
MFI,2026-07-17,5,high,8.3,2.86,,52.04,2026-07-18T19:33:09
MFI,2026-07-17,10,high,8.3,2.113,,51.52,2026-07-18T19:33:09
MFI,2026-07-17,20,high,8.3,21.275,,39.18,2026-07-18T19:33:09
LHSW,2026-07-17,1,high,2.28,2.425,,,2026-07-18T19:33:09
LHSW,2026-07-17,5,high,2.28,-9.212,,,2026-07-18T19:33:09
LHSW,2026-07-17,10,high,2.28,10.261,,49.21,2026-07-18T19:33:09
LHSW,2026-07-17,20,high,2.28,-11.375,,46.67,2026-07-18T19:33:09
HTCO,2026-07-17,1,high,2.98,8.652,,,2026-07-18T19:33:09
HTCO,2026-07-17,5,high,2.98,9.652,48.877,56.57,2026-07-18T19:33:09
HTCO,2026-07-17,10,high,2.98,12.53,,48.48,2026-07-18T19:33:09
HTCO,2026-07-17,20,high,2.98,17.111,,41.24,2026-07-18T19:33:09
FATN,2026-07-17,1,high,4.54,6.671,9.779,92.19,2026-07-18T19:33:09
FATN,2026-07-17,5,high,4.54,3.6,18.003,55.56,2026-07-18T19:33:09
FATN,2026-07-17,10,high,4.54,0.281,,67.74,2026-07-18T19:33:09
FATN,2026-07-17,20,high,4.54,-0.923,,,2026-07-18T19:33:09
FOXX,2026-07-17,1,high,2.73,6.569,6.412,79.35,2026-07-18T19:33:09
FOXX,2026-07-17,5,high,2.73,4.394,,44.0,2026-07-18T19:33:09
FOXX,2026-07-17,10,high,2.73,5.407,5.399,55.56,2026-07-18T19:33:09
FOXX,2026-07-17,20,high,2.73,6.52,,40.21,2026-07-18T19:33:09
BGLC,2026-07-17,1,high,1.66,6.052,4.049,71.74,2026-07-18T19:33:09
BGLC,2026-07-17,5,high,1.66,6.246,,50.0,2026-07-18T19:33:09
BGLC,2026-07-17,10,high,1.66,5.289,,46.94,2026-07-18T19:33:09
BGLC,2026-07-17,20,high,1.66,4.087,2.469,65.98,2026-07-18T19:33:09
DTCX,2026-07-17,1,high,2.16,4.764,4.791,95.83,2026-07-18T19:33:09
DTCX,2026-07-17,5,high,2.16,5.821,11.674,71.0,2026-07-18T19:33:09
DTCX,2026-07-17,10,high,2.16,6.634,21.628,60.82,2026-07-18T19:33:09
DTCX,2026-07-17,20,high,2.16,7.138,,46.81,2026-07-18T19:33:09
IOTR,2026-07-17,1,high,3.45,6.008,11.633,84.13,2026-07-18T19:33:09
IOTR,2026-07-17,5,high,3.45,2.135,,,2026-07-18T19:33:09
IOTR,2026-07-17,10,high,3.45,-2.384,-6.583,67.74,2026-07-18T19:33:09
IOTR,2026-07-17,20,high,3.45,-15.85,,,2026-07-18T19:33:09
RZLV,2026-07-17,1,high,2.31,3.943,3.575,79.38,2026-07-18T19:33:09
RZLV,2026-07-17,5,high,2.31,7.011,10.2,62.24,2026-07-18T19:33:09
RZLV,2026-07-17,10,high,2.31,7.749,9.433,65.31,2026-07-18T19:33:09
RZLV,2026-07-17,20,high,2.31,9.607,5.537,71.88,2026-07-18T19:33:09
SERV,2026-07-17,1,high,5.09,3.551,2.312,77.78,2026-07-18T19:33:09
SERV,2026-07-17,5,high,5.09,5.727,,53.06,2026-07-18T19:33:09
SERV,2026-07-17,10,high,5.09,7.278,,42.86,2026-07-18T19:33:09
SERV,2026-07-17,20,high,5.09,7.304,,,2026-07-18T19:33:09
SPAI,2026-07-17,1,high,3.89,5.489,4.683,89.47,2026-07-18T19:33:09
SPAI,2026-07-17,5,high,3.89,11.564,15.331,58.51,2026-07-18T19:33:09
SPAI,2026-07-17,10,high,3.89,20.524,,51.61,2026-07-18T19:33:09
SPAI,2026-07-17,20,high,3.89,31.775,31.654,68.13,2026-07-18T19:33:09
CAMP,2026-07-17,1,high,3.71,7.101,5.691,97.7,2026-07-18T19:33:09
CAMP,2026-07-17,5,high,3.71,9.988,9.149,78.41,2026-07-18T19:33:09
CAMP,2026-07-17,10,high,3.71,7.398,9.21,72.41,2026-07-18T19:33:09
CAMP,2026-07-17,20,high,3.71,8.39,3.308,70.24,2026-07-18T19:33:09
MIMI,2026-07-17,1,high,2.46,6.673,11.682,80.82,2026-07-18T19:33:09
MIMI,2026-07-17,5,high,2.46,2.232,10.086,57.33,2026-07-18T19:33:09
MIMI,2026-07-17,10,high,2.46,0.892,5.159,55.41,2026-07-18T19:33:09
MIMI,2026-07-17,20,high,2.46,-1.704,-31.686,65.28,2026-07-18T19:33:09
AFJK,2026-07-17,1,high,12.0,7.045,3.404,78.65,2026-07-18T19:33:09
AFJK,2026-07-17,5,high,12.0,9.283,,52.53,2026-07-18T19:33:09
AFJK,2026-07-17,10,high,12.0,47.63,,37.37,2026-07-18T19:33:09
AFJK,2026-07-17,20,high,12.0,78.85,,,2026-07-18T19:33:09
RAY,2026-07-17,1,high,2.69,6.245,5.479,79.79,2026-07-18T19:33:09
RAY,2026-07-17,5,high,2.69,5.919,,49.49,2026-07-18T19:33:09
RAY,2026-07-17,10,high,2.69,8.437,,44.44,2026-07-18T19:33:09
RAY,2026-07-17,20,high,2.69,24.285,,38.54,2026-07-18T19:33:09
SORA,2026-07-17,1,high,1.73,5.267,7.491,91.94,2026-07-18T19:33:09
SORA,2026-07-17,5,high,1.73,2.768,4.402,67.19,2026-07-18T19:33:09
SORA,2026-07-17,10,high,1.73,1.539,4.205,58.06,2026-07-18T19:33:09
SORA,2026-07-17,20,high,1.73,-0.927,,50.0,2026-07-18T19:33:09
PN,2026-07-17,1,high,4.11,7.67,16.964,88.06,2026-07-18T19:33:09
PN,2026-07-17,5,high,4.11,7.327,,,2026-07-18T19:33:09
PN,2026-07-17,10,high,4.11,5.545,104.0,67.16,2026-07-18T19:33:09
PN,2026-07-17,20,high,4.11,-4.194,,46.88,2026-07-18T19:33:09
MB,2026-07-17,1,high,4.01,5.524,5.293,74.14,2026-07-18T19:33:09
MB,2026-07-17,5,high,4.01,4.644,,45.16,2026-07-18T19:33:09
MB,2026-07-17,10,high,4.01,8.985,,41.94,2026-07-18T19:33:09
MB,2026-07-17,20,high,4.01,23.75,,45.76,2026-07-18T19:33:09
ARTV,2026-07-17,1,high,9.76,6.458,8.545,94.0,2026-07-18T19:33:09
ARTV,2026-07-17,5,high,9.76,7.04,27.459,70.71,2026-07-18T19:33:09
ARTV,2026-07-17,10,high,9.76,8.135,47.77,70.1,2026-07-18T19:33:09
ARTV,2026-07-17,20,high,9.76,7.1,77.402,73.96,2026-07-18T19:33:09
ALMU,2026-07-17,1,high,14.6,6.203,9.123,78.0,2026-07-18T19:33:09
ALMU,2026-07-17,5,high,14.6,12.557,27.623,56.0,2026-07-18T19:33:09
ALMU,2026-07-17,10,high,14.6,17.918,61.478,57.14,2026-07-18T19:33:09
ALMU,2026-07-17,20,high,14.6,24.102,,,2026-07-18T19:33:09
JFB,2026-07-17,1,high,3.96,7.015,4.158,97.01,2026-07-18T19:33:09
JFB,2026-07-17,5,high,3.96,9.885,7.114,55.88,2026-07-18T19:33:09
JFB,2026-07-17,10,high,3.96,11.341,,44.78,2026-07-18T19:33:09
JFB,2026-07-17,20,high,3.96,17.913,,26.15,2026-07-18T19:33:09
NNNN,2026-07-17,1,high,9.49,7.146,4.579,95.77,2026-07-18T19:33:09
NNNN,2026-07-17,5,high,9.49,8.848,8.659,60.0,2026-07-18T19:33:09
NNNN,2026-07-17,10,high,9.49,12.898,,47.83,2026-07-18T19:33:09
NNNN,2026-07-17,20,high,9.49,26.645,,52.24,2026-07-18T19:33:09
MKDW,2026-07-17,1,high,11.16,3.654,4.46,90.62,2026-07-18T19:33:09
MKDW,2026-07-17,5,high,11.16,6.117,56.909,78.79,2026-07-18T19:33:09
MKDW,2026-07-17,10,high,11.16,6.035,,17.35,2026-07-18T19:33:09
MKDW,2026-07-17,20,high,11.16,6.117,,,2026-07-18T19:33:09
ANNA,2026-07-17,1,high,3.44,5.06,8.692,81.25,2026-07-18T19:33:09
ANNA,2026-07-17,5,high,3.44,5.232,37.177,61.22,2026-07-18T19:33:09
ANNA,2026-07-17,10,high,3.44,5.692,,53.54,2026-07-18T19:33:09
ANNA,2026-07-17,20,high,3.44,5.4,,,2026-07-18T19:33:09
AXG,2026-07-17,1,high,3.23,2.474,0.87,92.39,2026-07-18T19:33:09
AXG,2026-07-17,5,high,3.23,5.482,3.638,59.6,2026-07-18T19:33:09
AXG,2026-07-17,10,high,3.23,6.801,,41.67,2026-07-18T19:33:09
AXG,2026-07-17,20,high,3.23,8.684,,37.11,2026-07-18T19:33:09
WXM,2026-07-17,1,high,3.22,7.925,,,2026-07-18T19:33:09
WXM,2026-07-17,5,high,3.22,6.639,19.787,61.29,2026-07-18T19:33:09
WXM,2026-07-17,10,high,3.22,4.478,,54.1,2026-07-18T19:33:09
WXM,2026-07-17,20,high,3.22,3.089,,52.46,2026-07-18T19:33:09
RAIN,2026-07-17,1,high,1.55,6.118,6.598,89.19,2026-07-18T19:33:09
RAIN,2026-07-17,5,high,1.55,6.672,,50.0,2026-07-18T19:33:09
RAIN,2026-07-17,10,high,1.55,7.005,,40.0,2026-07-18T19:33:09
RAIN,2026-07-17,20,high,1.55,13.123,,36.99,2026-07-18T19:33:09
NTHI,2026-07-17,1,high,3.46,5.967,6.203,96.83,2026-07-18T19:33:09
NTHI,2026-07-17,5,high,3.46,5.705,,52.31,2026-07-18T19:33:09
NTHI,2026-07-17,10,high,3.46,5.459,,42.19,2026-07-18T19:33:09
NTHI,2026-07-17,20,high,3.46,5.475,,,2026-07-18T19:33:09
TSSI,2026-07-17,1,high,9.76,4.945,5.785,80.81,2026-07-18T19:33:09
TSSI,2026-07-17,5,high,9.76,1.76,3.31,65.0,2026-07-18T19:33:09
TSSI,2026-07-17,10,high,9.76,-0.31,-0.532,69.7,2026-07-18T19:33:09
TSSI,2026-07-17,20,high,9.76,44.575,63.212,62.89,2026-07-18T19:33:09
DXYZ,2026-07-17,1,high,25.97,4.482,5.125,78.0,2026-07-18T19:33:09
DXYZ,2026-07-17,5,high,25.97,6.828,,53.0,2026-07-18T19:33:09
DXYZ,2026-07-17,10,high,25.97,9.658,,44.44,2026-07-18T19:33:09
DXYZ,2026-07-17,20,high,25.97,16.805,,49.48,2026-07-18T19:33:09
BTDR,2026-07-17,1,high,10.74,4.961,6.378,83.0,2026-07-18T19:33:09
BTDR,2026-07-17,5,high,10.74,2.77,5.495,72.0,2026-07-18T19:33:09
BTDR,2026-07-17,10,high,10.74,-7.715,-16.938,67.68,2026-07-18T19:33:09
BTDR,2026-07-17,20,high,10.74,2.913,7.102,72.16,2026-07-18T19:33:09
ZJK,2026-07-17,1,high,1.93,5.257,6.338,91.46,2026-07-18T19:33:09
ZJK,2026-07-17,5,high,1.93,6.874,10.905,70.11,2026-07-18T19:33:09
ZJK,2026-07-17,10,high,1.93,9.766,9.569,62.07,2026-07-18T19:33:09
ZJK,2026-07-17,20,high,1.93,14.974,39.264,73.26,2026-07-18T19:33:09
HTCR,2026-07-17,1,high,2.51,5.25,6.106,83.51,2026-07-18T19:33:09
HTCR,2026-07-17,5,high,2.51,4.895,11.114,58.76,2026-07-18T19:33:09
HTCR,2026-07-17,10,high,2.51,2.881,,48.48,2026-07-18T19:33:09
HTCR,2026-07-17,20,high,2.51,4.029,,50.52,2026-07-18T19:33:09
SAIH,2026-07-17,1,high,13.13,2.132,2.296,74.07,2026-07-18T19:33:09
SAIH,2026-07-17,5,high,13.13,5.765,5.368,79.8,2026-07-18T19:33:09
SAIH,2026-07-17,10,high,13.13,7.988,11.433,82.83,2026-07-18T19:33:09
SAIH,2026-07-17,20,high,13.13,10.067,15.643,90.72,2026-07-18T19:33:09
ALOY,2026-07-17,1,high,8.89,6.201,7.558,78.79,2026-07-18T19:33:09
ALOY,2026-07-17,5,high,8.89,15.416,,53.54,2026-07-18T19:33:09
ALOY,2026-07-17,10,high,8.89,14.525,,53.54,2026-07-18T19:33:09
ALOY,2026-07-17,20,high,8.89,20.248,49.666,56.7,2026-07-18T19:33:09
WFF,2026-07-17,1,high,2.1,6.292,6.544,85.94,2026-07-18T19:33:09
WFF,2026-07-17,5,high,2.1,5.337,4.606,65.62,2026-07-18T19:33:09
WFF,2026-07-17,10,high,2.1,2.37,,29.69,2026-07-18T19:33:09
WFF,2026-07-17,20,high,2.1,2.269,,45.16,2026-07-18T19:33:09
SPPL,2026-07-17,1,high,3.19,4.882,3.371,94.62,2026-07-18T19:33:09
SPPL,2026-07-17,5,high,3.19,14.845,12.038,69.0,2026-07-18T19:33:09
SPPL,2026-07-17,10,high,3.19,12.775,18.0,63.27,2026-07-18T19:33:09
SPPL,2026-07-17,20,high,3.19,15.839,8.458,63.54,2026-07-18T19:33:09
ARBB,2026-07-17,1,high,4.35,5.238,5.224,73.68,2026-07-18T19:33:09
ARBB,2026-07-17,5,high,4.35,6.344,6.545,62.24,2026-07-18T19:33:09
ARBB,2026-07-17,10,high,4.35,7.442,,53.54,2026-07-18T19:33:09
ARBB,2026-07-17,20,high,4.35,10.059,,46.88,2026-07-18T19:33:09
DTST,2026-07-17,1,high,3.34,2.144,2.509,93.75,2026-07-18T19:33:09
DTST,2026-07-17,5,high,3.34,3.822,4.833,72.73,2026-07-18T19:33:09
DTST,2026-07-17,10,high,3.34,6.793,7.899,71.13,2026-07-18T19:33:09
DTST,2026-07-17,20,high,3.34,2.914,,50.53,2026-07-18T19:33:09
CLSK,2026-07-17,1,high,13.03,4.458,5.668,82.0,2026-07-18T19:33:09
CLSK,2026-07-17,5,high,13.03,3.984,11.728,71.0,2026-07-18T19:33:09
CLSK,2026-07-17,10,high,13.03,-0.465,-1.657,82.65,2026-07-18T19:33:09
CLSK,2026-07-17,20,high,13.03,2.767,,,2026-07-18T19:33:09
CRWV,2026-07-17,1,high,73.21,5.191,5.02,76.92,2026-07-18T19:33:09
CRWV,2026-07-17,5,high,73.21,15.993,,52.31,2026-07-18T19:33:09
CRWV,2026-07-17,10,high,73.21,12.409,31.407,60.94,2026-07-18T19:33:09
CRWV,2026-07-17,20,high,73.21,30.971,71.127,69.35,2026-07-18T19:33:09
SUPX,2026-07-17,1,high,7.54,4.982,6.352,89.9,2026-07-18T19:33:09
SUPX,2026-07-17,5,high,7.54,6.837,11.169,58.59,2026-07-18T19:33:09
SUPX,2026-07-17,10,high,7.54,7.19,,39.8,2026-07-18T19:33:09
SUPX,2026-07-17,20,high,7.54,9.104,,46.39,2026-07-18T19:33:09
BMR,2026-07-17,1,high,1.23,4.004,4.376,85.26,2026-07-18T19:33:09
BMR,2026-07-17,5,high,1.23,4.813,12.36,58.59,2026-07-18T19:33:09
BMR,2026-07-17,10,high,1.23,2.938,,42.86,2026-07-18T19:33:09
BMR,2026-07-17,20,high,1.23,24.778,70.872,62.11,2026-07-18T19:33:09
CNCK,2026-07-17,1,high,2.88,4.568,4.998,88.89,2026-07-18T19:33:09
CNCK,2026-07-17,5,high,2.88,4.398,13.619,65.62,2026-07-18T19:33:09
CNCK,2026-07-17,10,high,2.88,3.602,,49.49,2026-07-18T19:33:09
CNCK,2026-07-17,20,high,2.88,1.469,5.688,55.79,2026-07-18T19:33:09
ILAG,2026-07-17,1,high,3.73,4.544,1.713,64.77,2026-07-18T19:33:09
ILAG,2026-07-17,5,high,3.73,4.479,3.993,59.6,2026-07-18T19:33:09
ILAG,2026-07-17,10,high,3.73,5.37,24.481,61.22,2026-07-18T19:33:09
ILAG,2026-07-17,20,high,3.73,4.756,,52.63,2026-07-18T19:33:09
BCG,2026-07-17,1,high,1.48,5.354,3.845,85.11,2026-07-18T19:33:09
BCG,2026-07-17,5,high,1.48,5.61,4.351,60.64,2026-07-18T19:33:09
BCG,2026-07-17,10,high,1.48,5.944,3.515,60.61,2026-07-18T19:33:09
BCG,2026-07-17,20,high,1.48,4.377,,25.26,2026-07-18T19:33:09
INKT,2026-07-17,1,high,10.66,4.673,4.728,85.0,2026-07-18T19:33:09
INKT,2026-07-17,5,high,10.66,4.495,3.118,63.0,2026-07-18T19:33:09
INKT,2026-07-17,10,high,10.66,3.895,,48.98,2026-07-18T19:33:09
INKT,2026-07-17,20,high,10.66,4.621,,53.61,2026-07-18T19:33:09
WYHG,2026-07-17,1,high,3.8,8.54,,,2026-07-18T19:33:09
WYHG,2026-07-17,5,high,3.8,8.555,47.575,76.25,2026-07-18T19:33:09
WYHG,2026-07-17,10,high,3.8,14.404,61.085,73.42,2026-07-18T19:33:09
WYHG,2026-07-17,20,high,3.8,30.323,,33.33,2026-07-18T19:33:09
LCFY,2026-07-17,1,high,2.53,5.439,3.448,79.35,2026-07-18T19:33:09
LCFY,2026-07-17,5,high,2.53,38.53,38.522,56.57,2026-07-18T19:33:09
LCFY,2026-07-17,10,high,2.53,39.771,,42.86,2026-07-18T19:33:09
LCFY,2026-07-17,20,high,2.53,6.014,,39.18,2026-07-18T19:33:09
ADVB,2026-07-17,1,high,5.03,6.705,8.881,80.88,2026-07-18T19:33:09
ADVB,2026-07-17,5,high,5.03,11.392,57.61,64.71,2026-07-18T19:33:09
ADVB,2026-07-17,10,high,5.03,19.298,35.858,80.6,2026-07-18T19:33:09
ADVB,2026-07-17,20,high,5.03,31.029,87.006,66.15,2026-07-18T19:33:09
HUT,2026-07-17,1,high,91.45,4.831,6.305,80.0,2026-07-18T19:33:09
HUT,2026-07-17,5,high,91.45,4.791,11.116,65.0,2026-07-18T19:33:09
HUT,2026-07-17,10,high,91.45,5.158,12.975,62.63,2026-07-18T19:33:09
HUT,2026-07-17,20,high,91.45,10.516,27.18,64.95,2026-07-18T19:33:09
PEPG,2026-07-17,1,high,2.25,5.061,3.121,92.71,2026-07-18T19:33:09
PEPG,2026-07-17,5,high,2.25,5.907,,54.55,2026-07-18T19:33:09
PEPG,2026-07-17,10,high,2.25,8.208,,51.02,2026-07-18T19:33:09
PEPG,2026-07-17,20,high,2.25,42.834,,44.21,2026-07-18T19:33:09
NBIS,2026-07-17,1,high,177.71,5.493,8.443,86.21,2026-07-18T19:33:09
NBIS,2026-07-17,5,high,177.71,7.323,22.916,69.77,2026-07-18T19:33:09
NBIS,2026-07-17,10,high,177.71,10.016,53.272,63.53,2026-07-18T19:33:09
NBIS,2026-07-17,20,high,177.71,-0.544,-1.877,89.16,2026-07-18T19:33:09
WTF,2026-07-17,1,high,3.01,4.141,6.085,93.65,2026-07-18T19:33:09
WTF,2026-07-17,5,high,3.01,8.859,20.267,71.88,2026-07-18T19:33:09
WTF,2026-07-17,10,high,3.01,18.195,58.325,55.56,2026-07-18T19:33:09
WTF,2026-07-17,20,high,3.01,18.592,,53.33,2026-07-18T19:33:09
REBN,2026-07-17,1,high,1.38,3.986,4.582,88.42,2026-07-18T19:33:09
REBN,2026-07-17,5,high,1.38,4.431,7.406,61.0,2026-07-18T19:33:09
REBN,2026-07-17,10,high,1.38,7.761,14.462,59.18,2026-07-18T19:33:09
REBN,2026-07-17,20,high,1.38,6.008,,52.58,2026-07-18T19:33:09
INV,2026-07-17,1,high,3.37,9.983,14.556,89.0,2026-07-18T19:33:09
INV,2026-07-17,5,high,3.37,7.839,36.13,68.37,2026-07-18T19:33:09
INV,2026-07-17,10,high,3.37,18.291,104.757,69.7,2026-07-18T19:33:09
INV,2026-07-17,20,high,3.37,35.654,587.409,64.95,2026-07-18T19:33:09
SGMT,2026-07-17,1,high,7.82,4.077,3.837,84.85,2026-07-18T19:33:09
SGMT,2026-07-17,5,high,7.82,7.648,17.586,64.65,2026-07-18T19:33:09
SGMT,2026-07-17,10,high,7.82,7.242,19.319,62.63,2026-07-18T19:33:09
SGMT,2026-07-17,20,high,7.82,3.121,8.772,60.82,2026-07-18T19:33:09
BULL,2026-07-17,1,high,7.23,2.615,5.465,81.0,2026-07-18T19:33:09
BULL,2026-07-17,5,high,7.23,3.181,10.121,57.58,2026-07-18T19:33:09
BULL,2026-07-17,10,high,7.23,-3.381,-20.784,58.16,2026-07-18T19:33:09
BULL,2026-07-17,20,high,7.23,2.782,,43.3,2026-07-18T19:33:09
CRCL,2026-07-17,1,high,60.46,2.964,4.428,69.64,2026-07-18T19:33:09
CRCL,2026-07-17,5,high,60.46,3.881,,43.64,2026-07-18T19:33:09
CRCL,2026-07-17,10,high,60.46,5.733,,53.7,2026-07-18T19:33:09
CRCL,2026-07-17,20,high,60.46,5.672,,42.31,2026-07-18T19:33:09
FBYD,2026-07-17,1,high,11.1,8.282,13.702,90.82,2026-07-18T19:33:09
FBYD,2026-07-17,5,high,11.1,13.842,59.3,75.0,2026-07-18T19:33:09
FBYD,2026-07-17,10,high,11.1,2.018,12.321,76.77,2026-07-18T19:33:09
FBYD,2026-07-17,20,high,11.1,14.303,90.263,84.54,2026-07-18T19:33:09
SSII,2026-07-17,1,high,3.64,4.683,2.719,92.78,2026-07-18T19:33:09
SSII,2026-07-17,5,high,3.64,4.683,4.297,72.34,2026-07-18T19:33:09
SSII,2026-07-17,10,high,3.64,4.251,3.888,62.11,2026-07-18T19:33:09
SSII,2026-07-17,20,high,3.64,3.867,3.815,55.91,2026-07-18T19:33:09
TELO,2026-07-17,1,high,1.11,5.461,6.425,86.81,2026-07-18T19:33:09
TELO,2026-07-17,5,high,1.11,3.563,5.903,68.75,2026-07-18T19:33:09
TELO,2026-07-17,10,high,1.11,3.437,17.281,67.02,2026-07-18T19:33:09
TELO,2026-07-17,20,high,1.11,13.126,,54.74,2026-07-18T19:33:09
NCEW,2026-07-17,1,high,17.1,3.319,2.97,67.16,2026-07-18T19:33:09
NCEW,2026-07-17,5,high,17.1,4.768,8.407,62.34,2026-07-18T19:33:09
NCEW,2026-07-17,10,high,17.1,7.231,24.322,71.05,2026-07-18T19:33:09
NCEW,2026-07-17,20,high,17.1,7.626,34.103,80.0,2026-07-18T19:33:09
PONY,2026-07-17,1,high,6.66,3.453,3.988,70.73,2026-07-18T19:33:09
PONY,2026-07-17,5,high,6.66,3.149,,51.85,2026-07-18T19:33:09
PONY,2026-07-17,10,high,6.66,-0.337,,30.38,2026-07-18T19:33:09
PONY,2026-07-17,20,high,6.66,-14.123,,30.77,2026-07-18T19:33:09
AARD,2026-07-17,1,high,5.86,5.061,6.368,90.14,2026-07-18T19:33:09
AARD,2026-07-17,5,high,5.86,9.518,35.912,67.61,2026-07-18T19:33:09
AARD,2026-07-17,10,high,5.86,9.056,60.467,70.0,2026-07-18T19:33:09
AARD,2026-07-17,20,high,5.86,8.146,41.696,57.35,2026-07-18T19:33:09
ATHR,2026-07-17,1,high,4.35,2.434,2.692,84.13,2026-07-18T19:33:09
ATHR,2026-07-17,5,high,4.35,0.608,3.452,69.84,2026-07-18T19:33:09
ATHR,2026-07-17,10,high,4.35,2.582,,,2026-07-18T19:33:09
ATHR,2026-07-17,20,high,4.35,8.093,,38.33,2026-07-18T19:33:09
IMRX,2026-07-17,1,high,4.64,4.959,3.7,90.91,2026-07-18T19:33:09
IMRX,2026-07-17,5,high,4.64,7.47,7.277,70.0,2026-07-18T19:33:09
IMRX,2026-07-17,10,high,4.64,6.112,,46.94,2026-07-18T19:33:09
IMRX,2026-07-17,20,high,4.64,4.717,3.753,60.82,2026-07-18T19:33:09
PSIG,2026-07-17,1,high,1.24,5.499,,,2026-07-18T19:33:09
PSIG,2026-07-17,5,high,1.24,6.488,8.112,73.2,2026-07-18T19:33:09
PSIG,2026-07-17,10,high,1.24,7.762,24.307,66.33,2026-07-18T19:33:09
PSIG,2026-07-17,20,high,1.24,1.992,,,2026-07-18T19:33:09
KBSX,2026-07-17,1,high,0.86,3.697,8.114,84.15,2026-07-18T19:33:09
KBSX,2026-07-17,5,high,0.86,1.867,9.629,60.2,2026-07-18T19:33:09
KBSX,2026-07-17,10,high,0.86,-0.352,,40.62,2026-07-18T19:33:09
KBSX,2026-07-17,20,high,0.86,-3.872,,39.58,2026-07-18T19:33:09
PSNYW,2026-07-17,1,high,5.25,9.75,,,2026-07-18T19:33:09
PSNYW,2026-07-17,5,high,5.25,-2.585,,,2026-07-18T19:33:09
PSNYW,2026-07-17,10,high,5.25,-9.166,,,2026-07-18T19:33:09
PSNYW,2026-07-17,20,high,5.25,-18.806,,,2026-07-18T19:33:09
PSIX,2026-07-17,1,high,30.25,4.612,3.184,81.82,2026-07-18T19:33:09
PSIX,2026-07-17,5,high,30.25,6.602,8.04,57.0,2026-07-18T19:33:09
PSIX,2026-07-17,10,high,30.25,8.359,,42.42,2026-07-18T19:33:09
PSIX,2026-07-17,20,high,30.25,41.195,,40.21,2026-07-18T19:33:09
PRHIZ,2026-07-15,1,high,17.5,4.23,,,2026-07-18T19:33:09
PRHIZ,2026-07-15,5,high,17.5,3.643,,,2026-07-18T19:33:09
PRHIZ,2026-07-15,10,high,17.5,2.999,,,2026-07-18T19:33:09
PRHIZ,2026-07-15,20,high,17.5,5.031,,,2026-07-18T19:33:09
ZBIO,2026-07-17,1,high,29.53,4.533,3.704,92.31,2026-07-18T19:33:09
ZBIO,2026-07-17,5,high,29.53,5.43,8.726,60.87,2026-07-18T19:33:09
ZBIO,2026-07-17,10,high,29.53,7.187,,54.95,2026-07-18T19:33:09
ZBIO,2026-07-17,20,high,29.53,8.249,,42.7,2026-07-18T19:33:09
LUNR,2026-07-17,1,high,13.52,4.006,4.993,84.0,2026-07-18T19:33:09
LUNR,2026-07-17,5,high,13.52,-3.063,-6.351,61.0,2026-07-18T19:33:09
LUNR,2026-07-17,10,high,13.52,5.85,12.682,60.61,2026-07-18T19:33:09
LUNR,2026-07-17,20,high,13.52,16.406,30.552,68.04,2026-07-18T19:33:09
UPST,2026-07-17,1,high,29.51,3.433,3.87,85.0,2026-07-18T19:33:09
UPST,2026-07-17,5,high,29.51,4.188,7.675,62.0,2026-07-18T19:33:09
UPST,2026-07-17,10,high,29.51,4.841,11.103,58.16,2026-07-18T19:33:09
UPST,2026-07-17,20,high,29.51,6.355,13.387,59.79,2026-07-18T19:33:09
EUDA,2026-07-17,1,high,11.3,6.366,,,2026-07-18T19:33:09
EUDA,2026-07-17,5,high,11.3,6.434,,,2026-07-18T19:33:09
EUDA,2026-07-17,10,high,11.3,6.095,,44.44,2026-07-18T19:33:09
EUDA,2026-07-17,20,high,11.3,12.807,,39.18,2026-07-18T19:33:09
SHMD,2026-07-17,1,high,4.25,5.93,7.345,83.67,2026-07-18T19:33:09
SHMD,2026-07-17,5,high,4.25,8.992,12.681,57.58,2026-07-18T19:33:09
SHMD,2026-07-17,10,high,4.25,15.584,,52.53,2026-07-18T19:33:09
SHMD,2026-07-17,20,high,4.25,11.267,,41.24,2026-07-18T19:33:09
BTCL,2026-07-17,1,high,12.52,1.923,3.363,62.0,2026-07-18T19:33:09
BTCL,2026-07-17,5,high,12.52,2.413,8.062,56.0,2026-07-18T19:33:09
BTCL,2026-07-17,10,high,12.52,2.435,9.528,58.59,2026-07-18T19:33:09
BTCL,2026-07-17,20,high,12.52,1.945,,50.52,2026-07-18T19:33:09
GNLX,2026-07-17,1,high,2.87,4.288,2.182,92.63,2026-07-18T19:33:09
GNLX,2026-07-17,5,high,2.87,5.658,2.721,65.31,2026-07-18T19:33:09
GNLX,2026-07-17,10,high,2.87,6.979,7.451,72.45,2026-07-18T19:33:09
GNLX,2026-07-17,20,high,2.87,10.0,4.238,73.96,2026-07-18T19:33:09
BTCZ,2026-07-17,1,high,5.47,2.655,4.181,71.0,2026-07-18T19:33:09
BTCZ,2026-07-17,5,high,5.47,2.16,,51.0,2026-07-18T19:33:09
BTCZ,2026-07-17,10,high,5.47,1.842,3.513,56.57,2026-07-18T19:33:09
BTCZ,2026-07-17,20,high,5.47,0.924,1.547,56.7,2026-07-18T19:33:09
GRAL,2026-07-17,1,high,72.62,4.021,3.87,88.0,2026-07-18T19:33:09
GRAL,2026-07-17,5,high,72.62,5.943,7.371,70.0,2026-07-18T19:33:09
GRAL,2026-07-17,10,high,72.62,8.659,10.309,71.72,2026-07-18T19:33:09
GRAL,2026-07-17,20,high,72.62,15.404,21.269,65.98,2026-07-18T19:33:09
SCWO,2026-07-17,1,high,2.09,6.377,3.082,94.79,2026-07-18T19:33:09
SCWO,2026-07-17,5,high,2.09,6.528,8.787,60.82,2026-07-18T19:33:09
SCWO,2026-07-17,10,high,2.09,5.504,10.775,55.21,2026-07-18T19:33:09
SCWO,2026-07-17,20,high,2.09,4.156,,48.45,2026-07-18T19:33:09
NTRB,2026-07-17,1,high,3.11,1.687,1.232,90.43,2026-07-18T19:33:09
NTRB,2026-07-17,5,high,3.11,0.821,0.758,63.64,2026-07-18T19:33:09
NTRB,2026-07-17,10,high,3.11,-5.713,,48.48,2026-07-18T19:33:09
NTRB,2026-07-17,20,high,3.11,-9.605,,30.93,2026-07-18T19:33:09
MBX,2026-07-17,1,high,62.92,4.544,4.601,86.96,2026-07-18T19:33:09
MBX,2026-07-17,5,high,62.92,7.579,14.283,71.74,2026-07-18T19:33:09
MBX,2026-07-17,10,high,62.92,9.805,27.919,65.93,2026-07-18T19:33:09
MBX,2026-07-17,20,high,62.92,-1.419,-3.644,65.17,2026-07-18T19:33:09
BTBD,2026-07-17,1,high,1.11,4.66,2.617,84.38,2026-07-18T19:33:09
BTBD,2026-07-17,5,high,1.11,4.509,13.429,64.29,2026-07-18T19:33:09
BTBD,2026-07-17,10,high,1.11,17.328,36.563,60.42,2026-07-18T19:33:09
BTBD,2026-07-17,20,high,1.11,24.728,152.803,67.37,2026-07-18T19:33:09
VOYG,2026-07-17,1,high,25.9,4.072,7.265,76.36,2026-07-18T19:33:09
VOYG,2026-07-17,5,high,25.9,2.007,11.181,56.36,2026-07-18T19:33:09
VOYG,2026-07-17,10,high,25.9,-0.284,,46.3,2026-07-18T19:33:09
VOYG,2026-07-17,20,high,25.9,2.901,,53.85,2026-07-18T19:33:09
HERE,2026-07-17,1,high,1.89,3.489,3.375,84.54,2026-07-18T19:33:09
HERE,2026-07-17,5,high,1.89,5.936,,47.47,2026-07-18T19:33:09
HERE,2026-07-17,10,high,1.89,7.952,,38.54,2026-07-18T19:33:09
HERE,2026-07-17,20,high,1.89,10.685,,25.0,2026-07-18T19:33:09
ABSI,2026-07-17,1,high,8.3,4.804,8.598,85.0,2026-07-18T19:33:09
ABSI,2026-07-17,5,high,8.3,5.995,34.335,76.77,2026-07-18T19:33:09
ABSI,2026-07-17,10,high,8.3,9.205,57.569,58.59,2026-07-18T19:33:09
ABSI,2026-07-17,20,high,8.3,14.267,,,2026-07-18T19:33:09
BLIV,2026-07-17,1,high,2.38,1.025,3.111,62.5,2026-07-18T19:33:09
BLIV,2026-07-17,5,high,2.38,-1.733,-5.921,65.57,2026-07-18T19:33:09
BLIV,2026-07-17,10,high,2.38,-2.025,-5.035,55.74,2026-07-18T19:33:09
BLIV,2026-07-17,20,high,2.38,-1.254,-1.277,67.92,2026-07-18T19:33:09
QXL,2026-07-17,1,high,4.81,5.509,8.262,91.75,2026-07-18T19:33:09
QXL,2026-07-17,5,high,4.81,7.73,27.918,82.83,2026-07-18T19:33:09
QXL,2026-07-17,10,high,4.81,8.949,48.319,84.69,2026-07-18T19:33:09
QXL,2026-07-17,20,high,4.81,10.644,,20.83,2026-07-18T19:33:09
CVKD,2026-07-17,1,high,2.16,6.689,8.749,95.96,2026-07-18T19:33:09
CVKD,2026-07-17,5,high,2.16,5.189,,51.02,2026-07-18T19:33:09
CVKD,2026-07-17,10,high,2.16,4.812,,42.42,2026-07-18T19:33:09
CVKD,2026-07-17,20,high,2.16,4.617,,39.18,2026-07-18T19:33:09
JMIA,2026-07-17,1,high,6.5,3.35,3.868,83.0,2026-07-18T19:33:09
JMIA,2026-07-17,5,high,6.5,1.581,,51.02,2026-07-18T19:33:09
JMIA,2026-07-17,10,high,6.5,3.177,,45.92,2026-07-18T19:33:09
JMIA,2026-07-17,20,high,6.5,4.991,,46.39,2026-07-18T19:33:09
CLYM,2026-07-17,1,high,12.7,5.569,5.91,95.96,2026-07-18T19:33:09
CLYM,2026-07-17,5,high,12.7,11.749,27.258,82.0,2026-07-18T19:33:09
CLYM,2026-07-17,10,high,12.7,8.615,32.409,65.66,2026-07-18T19:33:09
CLYM,2026-07-17,20,high,12.7,18.807,62.09,68.04,2026-07-18T19:33:09
GDEV,2026-07-17,1,high,11.76,3.742,3.772,72.73,2026-07-18T19:33:09
GDEV,2026-07-17,5,high,11.76,4.538,,50.0,2026-07-18T19:33:09
GDEV,2026-07-17,10,high,11.76,4.473,,39.8,2026-07-18T19:33:09
GDEV,2026-07-17,20,high,11.76,4.555,,35.42,2026-07-18T19:33:09
PFAI,2026-07-17,1,high,3.33,4.219,,51.02,2026-07-18T19:33:09
PFAI,2026-07-17,5,high,3.33,4.017,,50.0,2026-07-18T19:33:09
PFAI,2026-07-17,10,high,3.33,6.325,,51.67,2026-07-18T19:33:09
PFAI,2026-07-17,20,high,3.33,7.553,,44.83,2026-07-18T19:33:09
FUFU,2026-07-17,1,high,1.4,2.739,3.254,88.78,2026-07-18T19:33:09
FUFU,2026-07-17,5,high,1.4,3.179,9.884,56.12,2026-07-18T19:33:09
FUFU,2026-07-17,10,high,1.4,2.596,,46.94,2026-07-18T19:33:09
FUFU,2026-07-17,20,high,1.4,3.295,,34.38,2026-07-18T19:33:09
TEM,2026-07-17,1,high,52.47,3.971,3.182,79.0,2026-07-18T19:33:09
TEM,2026-07-17,5,high,52.47,4.853,6.878,59.0,2026-07-18T19:33:09
TEM,2026-07-17,10,high,52.47,8.001,10.519,57.58,2026-07-18T19:33:09
TEM,2026-07-17,20,high,52.47,5.049,,53.61,2026-07-18T19:33:09
BNC,2026-07-17,1,high,2.93,3.124,5.045,86.46,2026-07-18T19:33:09
BNC,2026-07-17,5,high,2.93,6.242,11.587,61.62,2026-07-18T19:33:09
BNC,2026-07-17,10,high,2.93,3.918,,50.0,2026-07-18T19:33:09
BNC,2026-07-17,20,high,2.93,1.793,,44.33,2026-07-18T19:33:09
KYTX,2026-07-17,1,high,7.45,4.538,3.865,93.94,2026-07-18T19:33:09
KYTX,2026-07-17,5,high,7.45,4.628,3.75,73.47,2026-07-18T19:33:09
KYTX,2026-07-17,10,high,7.45,6.894,12.006,57.58,2026-07-18T19:33:09
KYTX,2026-07-17,20,high,7.45,12.465,22.793,72.63,2026-07-18T19:33:09
PMN,2026-07-17,1,high,15.19,6.195,5.359,96.94,2026-07-18T19:33:09
PMN,2026-07-17,5,high,15.19,4.942,9.622,64.0,2026-07-18T19:33:09
PMN,2026-07-17,10,high,15.19,5.362,,53.06,2026-07-18T19:33:09
PMN,2026-07-17,20,high,15.19,8.008,7.904,63.92,2026-07-18T19:33:09
HIVE,2026-07-17,1,high,2.85,4.228,6.576,81.82,2026-07-18T19:33:09
HIVE,2026-07-17,5,high,2.85,3.681,13.028,66.0,2026-07-18T19:33:09
HIVE,2026-07-17,10,high,2.85,0.203,0.996,65.31,2026-07-18T19:33:09
HIVE,2026-07-17,20,high,2.85,3.448,5.224,70.1,2026-07-18T19:33:09
BRFH,2026-07-17,1,high,1.85,1.732,1.887,87.21,2026-07-18T19:33:09
BRFH,2026-07-17,5,high,1.85,3.71,3.462,59.18,2026-07-18T19:33:09
BRFH,2026-07-17,10,high,1.85,2.536,,34.38,2026-07-18T19:33:09
BRFH,2026-07-17,20,high,1.85,-1.175,,23.96,2026-07-18T19:33:09
WAVE,2026-07-17,1,high,8.71,4.887,6.267,92.71,2026-07-18T19:33:09
WAVE,2026-07-17,5,high,8.71,-4.764,-8.405,81.82,2026-07-18T19:33:09
WAVE,2026-07-17,10,high,8.71,3.727,7.93,77.78,2026-07-18T19:33:09
WAVE,2026-07-17,20,high,8.71,13.575,25.424,87.63,2026-07-18T19:33:09
SUIG,2026-07-17,1,high,1.13,4.015,7.605,81.91,2026-07-18T19:33:09
SUIG,2026-07-17,5,high,1.13,5.246,25.833,55.67,2026-07-18T19:33:09
SUIG,2026-07-17,10,high,1.13,10.408,,54.08,2026-07-18T19:33:09
SUIG,2026-07-17,20,high,1.13,24.345,63.302,81.25,2026-07-18T19:33:09
NVOX,2026-07-17,1,high,17.46,2.13,4.995,80.0,2026-07-18T19:33:09
NVOX,2026-07-17,5,high,17.46,2.076,,43.75,2026-07-18T19:33:09
NVOX,2026-07-17,10,high,17.46,0.989,,30.38,2026-07-18T19:33:09
NVOX,2026-07-17,20,high,17.46,-0.146,-2.809,84.42,2026-07-18T19:33:09
SANA,2026-07-17,1,high,3.15,4.746,4.005,88.89,2026-07-18T19:33:09
SANA,2026-07-17,5,high,3.15,4.545,6.628,60.0,2026-07-18T19:33:09
SANA,2026-07-17,10,high,3.15,7.067,4.5,65.66,2026-07-18T19:33:09
SANA,2026-07-17,20,high,3.15,16.398,12.967,73.2,2026-07-18T19:33:09
AIRO,2026-07-17,1,high,6.53,3.887,5.26,88.46,2026-07-18T19:33:09
AIRO,2026-07-17,5,high,6.53,4.136,,50.0,2026-07-18T19:33:09
AIRO,2026-07-17,10,high,6.53,2.985,,64.15,2026-07-18T19:33:09
AIRO,2026-07-17,20,high,6.53,14.175,59.564,60.0,2026-07-18T19:33:09
GLXY,2026-07-17,1,high,21.63,3.743,4.491,83.05,2026-07-18T19:33:09
GLXY,2026-07-17,5,high,21.63,8.717,16.557,65.52,2026-07-18T19:33:09
GLXY,2026-07-17,10,high,21.63,19.968,40.943,56.14,2026-07-18T19:33:09
GLXY,2026-07-17,20,high,21.63,16.872,26.211,81.82,2026-07-18T19:33:09
ZOOZ,2026-07-17,1,high,4.99,4.273,4.902,84.21,2026-07-18T19:33:09
ZOOZ,2026-07-17,5,high,4.99,3.759,5.091,65.98,2026-07-18T19:33:09
ZOOZ,2026-07-17,10,high,4.99,3.292,,48.45,2026-07-18T19:33:09
ZOOZ,2026-07-17,20,high,4.99,-0.15,,36.46,2026-07-18T19:33:09
TOYO,2026-07-17,1,high,5.22,4.582,4.63,89.9,2026-07-18T19:33:09
TOYO,2026-07-17,5,high,5.22,5.548,30.558,61.62,2026-07-18T19:33:09
TOYO,2026-07-17,10,high,5.22,4.706,39.096,61.62,2026-07-18T19:33:09
TOYO,2026-07-17,20,high,5.22,-5.227,,44.33,2026-07-18T19:33:09
ATLX,2026-07-17,1,high,3.04,4.317,4.202,88.66,2026-07-18T19:33:09
ATLX,2026-07-17,5,high,3.04,3.881,6.22,55.0,2026-07-18T19:33:09
ATLX,2026-07-17,10,high,3.04,3.259,3.446,57.58,2026-07-18T19:33:09
ATLX,2026-07-17,20,high,3.04,5.715,,,2026-07-18T19:33:09
FLNC,2026-07-17,1,high,14.07,4.439,6.828,84.0,2026-07-18T19:33:09
FLNC,2026-07-17,5,high,14.07,6.598,43.76,58.0,2026-07-18T19:33:09
FLNC,2026-07-17,10,high,14.07,6.779,,46.46,2026-07-18T19:33:09
FLNC,2026-07-17,20,high,14.07,10.806,,30.93,2026-07-18T19:33:09
FIEE,2026-07-17,1,high,3.55,2.977,2.494,79.57,2026-07-18T19:33:09
FIEE,2026-07-17,5,high,3.55,0.423,,53.0,2026-07-18T19:33:09
FIEE,2026-07-17,10,high,3.55,-2.016,,44.9,2026-07-18T19:33:09
FIEE,2026-07-17,20,high,3.55,-14.761,,47.92,2026-07-18T19:33:09
RHLD,2026-07-17,1,high,133.27,3.635,2.589,92.86,2026-07-18T19:33:09
RHLD,2026-07-17,5,high,133.27,4.395,5.633,60.0,2026-07-18T19:33:09
RHLD,2026-07-17,10,high,133.27,9.689,9.409,60.87,2026-07-18T19:33:09
RHLD,2026-07-17,20,high,133.27,13.685,,47.76,2026-07-18T19:33:09
DJT,2026-07-17,1,high,9.66,2.573,,,2026-07-18T19:33:09
DJT,2026-07-17,5,high,9.66,1.403,,,2026-07-18T19:33:09
DJT,2026-07-17,10,high,9.66,0.983,,48.48,2026-07-18T19:33:09
DJT,2026-07-17,20,high,9.66,-2.212,,51.55,2026-07-18T19:33:09
AKA,2026-07-17,1,high,11.01,2.997,4.667,80.0,2026-07-18T19:33:09
AKA,2026-07-17,5,high,11.01,2.472,2.96,64.65,2026-07-18T19:33:09
AKA,2026-07-17,10,high,11.01,1.97,,46.46,2026-07-18T19:33:09
AKA,2026-07-17,20,high,11.01,-4.129,,48.45,2026-07-18T19:33:09
KC,2026-07-17,1,high,9.54,2.987,4.507,60.0,2026-07-18T19:33:09
KC,2026-07-17,5,high,9.54,5.029,,51.0,2026-07-18T19:33:09
KC,2026-07-17,10,high,9.54,8.765,,46.46,2026-07-18T19:33:09
KC,2026-07-17,20,high,9.54,9.699,,44.33,2026-07-18T19:33:09
GLSI,2026-07-17,1,high,16.32,5.637,5.102,91.92,2026-07-18T19:33:09
GLSI,2026-07-17,5,high,16.32,8.327,11.02,65.0,2026-07-18T19:33:09
GLSI,2026-07-17,10,high,16.32,8.612,,,2026-07-18T19:33:09
GLSI,2026-07-17,20,high,16.32,8.986,,,2026-07-18T19:33:09
INTJ,2026-07-17,1,high,3.17,5.477,7.096,72.94,2026-07-18T19:33:09
INTJ,2026-07-17,5,high,3.17,4.066,,53.0,2026-07-18T19:33:09
INTJ,2026-07-17,10,high,3.17,3.136,,50.51,2026-07-18T19:33:09
INTJ,2026-07-17,20,high,3.17,2.291,,54.64,2026-07-18T19:33:09
LVO,2026-07-17,1,high,5.29,4.88,5.022,95.96,2026-07-18T19:33:09
LVO,2026-07-17,5,high,5.29,4.016,9.921,68.0,2026-07-18T19:33:09
LVO,2026-07-17,10,high,5.29,2.726,7.67,63.92,2026-07-18T19:33:09
LVO,2026-07-17,20,high,5.29,2.083,,,2026-07-18T19:33:09
ANRO,2026-07-17,1,high,27.54,4.214,4.545,88.89,2026-07-18T19:33:09
ANRO,2026-07-17,5,high,27.54,6.328,14.077,70.0,2026-07-18T19:33:09
ANRO,2026-07-17,10,high,27.54,8.788,25.408,64.65,2026-07-18T19:33:09
ANRO,2026-07-17,20,high,27.54,5.739,12.22,74.23,2026-07-18T19:33:09
RADX,2026-07-17,1,high,4.43,2.781,1.144,83.54,2026-07-18T19:33:09
RADX,2026-07-17,5,high,4.43,0.303,0.215,64.56,2026-07-18T19:33:09
RADX,2026-07-17,10,high,4.43,5.087,3.96,56.41,2026-07-18T19:33:09
RADX,2026-07-17,20,high,4.43,-2.212,,48.05,2026-07-18T19:33:09
GCT,2026-07-17,1,high,38.01,2.911,3.686,82.0,2026-07-18T19:33:09
GCT,2026-07-17,5,high,38.01,3.155,6.804,66.0,2026-07-18T19:33:09
GCT,2026-07-17,10,high,38.01,2.53,5.87,62.63,2026-07-18T19:33:09
GCT,2026-07-17,20,high,38.01,9.37,40.016,59.79,2026-07-18T19:33:09
UNCY,2026-07-17,1,high,5.38,4.334,4.035,92.93,2026-07-18T19:33:09
UNCY,2026-07-17,5,high,5.38,1.584,2.063,69.7,2026-07-18T19:33:09
UNCY,2026-07-17,10,high,5.38,-10.176,-12.873,65.66,2026-07-18T19:33:09
UNCY,2026-07-17,20,high,5.38,7.825,7.579,62.89,2026-07-18T19:33:09
CELZ,2026-07-17,1,high,0.88,5.956,,,2026-07-18T19:33:09
CELZ,2026-07-17,5,high,0.88,4.819,7.811,66.32,2026-07-18T19:33:09
CELZ,2026-07-17,10,high,0.88,4.941,7.986,65.98,2026-07-18T19:33:09
CELZ,2026-07-17,20,high,0.88,5.9,9.93,63.92,2026-07-18T19:33:09
PODC,2026-07-17,1,high,4.08,4.733,6.065,92.39,2026-07-18T19:33:09
PODC,2026-07-17,5,high,4.08,6.152,12.742,69.7,2026-07-18T19:33:09
PODC,2026-07-17,10,high,4.08,7.867,22.716,65.66,2026-07-18T19:33:09
PODC,2026-07-17,20,high,4.08,9.265,46.051,56.84,2026-07-18T19:33:09
LVWR,2026-07-17,1,high,0.69,5.493,,,2026-07-18T19:33:09
LVWR,2026-07-17,5,high,0.69,9.188,15.336,56.57,2026-07-18T19:33:09
LVWR,2026-07-17,10,high,0.69,6.729,,39.39,2026-07-18T19:33:09
LVWR,2026-07-17,20,high,0.69,17.146,,31.96,2026-07-18T19:33:09
NMTC,2026-07-17,1,high,2.34,4.884,4.304,94.68,2026-07-18T19:33:09
NMTC,2026-07-17,5,high,2.34,5.126,,54.17,2026-07-18T19:33:09
NMTC,2026-07-17,10,high,2.34,4.958,,,2026-07-18T19:33:09
NMTC,2026-07-17,20,high,2.34,4.917,,,2026-07-18T19:33:09
HTLM,2026-07-17,1,high,2.02,3.556,9.999,77.11,2026-07-18T19:33:09
HTLM,2026-07-17,5,high,2.02,3.979,7.936,67.42,2026-07-18T19:33:09
HTLM,2026-07-17,10,high,2.02,4.58,9.288,64.37,2026-07-18T19:33:09
HTLM,2026-07-17,20,high,2.02,4.456,8.649,61.18,2026-07-18T19:33:09
SHIM,2026-07-17,1,high,3.71,4.631,6.543,94.85,2026-07-18T19:33:09
SHIM,2026-07-17,5,high,3.71,5.364,13.686,69.7,2026-07-18T19:33:09
SHIM,2026-07-17,10,high,3.71,6.948,22.768,60.61,2026-07-18T19:33:09
SHIM,2026-07-17,20,high,3.71,6.732,,49.48,2026-07-18T19:33:09
PRME,2026-07-17,1,high,3.13,4.142,4.533,90.53,2026-07-18T19:33:09
PRME,2026-07-17,5,high,3.13,4.497,9.761,62.0,2026-07-18T19:33:09
PRME,2026-07-17,10,high,3.13,4.967,,53.06,2026-07-18T19:33:09
PRME,2026-07-17,20,high,3.13,23.203,57.878,62.89,2026-07-18T19:33:09
LXEO,2026-07-17,1,high,4.69,4.081,3.835,90.82,2026-07-18T19:33:09
LXEO,2026-07-17,5,high,4.69,4.858,7.549,58.59,2026-07-18T19:33:09
LXEO,2026-07-17,10,high,4.69,4.9,7.564,58.59,2026-07-18T19:33:09
LXEO,2026-07-17,20,high,4.69,3.818,,44.33,2026-07-18T19:33:09
RAPP,2026-07-17,1,high,42.62,3.799,2.853,92.0,2026-07-18T19:33:09
RAPP,2026-07-17,5,high,42.62,-0.651,-1.487,71.0,2026-07-18T19:33:09
RAPP,2026-07-17,10,high,42.62,5.531,15.315,74.75,2026-07-18T19:33:09
RAPP,2026-07-17,20,high,42.62,5.055,8.277,84.54,2026-07-18T19:33:09
IONQ,2026-07-17,1,high,34.78,3.85,4.898,85.0,2026-07-18T19:33:09
IONQ,2026-07-17,5,high,34.78,0.437,0.654,66.0,2026-07-18T19:33:09
IONQ,2026-07-17,10,high,34.78,-16.721,-26.835,65.66,2026-07-18T19:33:09
IONQ,2026-07-17,20,high,34.78,-10.254,-13.446,73.2,2026-07-18T19:33:09
SILO,2026-07-17,1,high,4.86,4.679,7.46,78.57,2026-07-18T19:33:09
SILO,2026-07-17,5,high,4.86,5.874,23.528,63.27,2026-07-18T19:33:09
SILO,2026-07-17,10,high,4.86,1.474,12.351,67.35,2026-07-18T19:33:09
SILO,2026-07-17,20,high,4.86,2.433,,51.04,2026-07-18T19:33:09
URAA,2026-07-17,1,high,20.02,3.08,3.973,74.0,2026-07-18T19:33:09
URAA,2026-07-17,5,high,20.02,4.734,7.977,56.0,2026-07-18T19:33:09
URAA,2026-07-17,10,high,20.02,4.824,,54.55,2026-07-18T19:33:09
URAA,2026-07-17,20,high,20.02,6.172,,26.8,2026-07-18T19:33:09
RDW,2026-07-17,1,high,8.45,4.871,7.359,79.0,2026-07-18T19:33:09
RDW,2026-07-17,5,high,8.45,7.255,17.797,75.76,2026-07-18T19:33:09
RDW,2026-07-17,10,high,8.45,8.455,33.656,58.16,2026-07-18T19:33:09
RDW,2026-07-17,20,high,8.45,25.356,81.41,63.92,2026-07-18T19:33:09
AFRM,2026-07-17,1,high,76.07,2.871,3.688,85.86,2026-07-18T19:33:09
AFRM,2026-07-17,5,high,76.07,4.235,9.135,70.0,2026-07-18T19:33:09
AFRM,2026-07-17,10,high,76.07,5.802,13.301,75.76,2026-07-18T19:33:09
AFRM,2026-07-17,20,high,76.07,5.371,12.456,69.07,2026-07-18T19:33:09
ENGN,2026-07-17,1,high,1.82,5.054,2.656,91.84,2026-07-18T19:33:09
ENGN,2026-07-17,5,high,1.82,4.151,4.901,68.0,2026-07-18T19:33:09
ENGN,2026-07-17,10,high,1.82,15.985,21.15,62.63,2026-07-18T19:33:09
ENGN,2026-07-17,20,high,1.82,27.3,,54.64,2026-07-18T19:33:09
WRD,2026-07-17,1,high,5.98,2.991,3.708,80.95,2026-07-18T19:33:09
WRD,2026-07-17,5,high,5.98,5.705,13.47,61.18,2026-07-18T19:33:09
WRD,2026-07-17,10,high,5.98,2.862,,50.59,2026-07-18T19:33:09
WRD,2026-07-17,20,high,5.98,1.741,,43.37,2026-07-18T19:33:09
GLUE,2026-07-17,1,high,24.56,3.623,3.658,90.0,2026-07-18T19:33:09
GLUE,2026-07-17,5,high,24.56,5.26,6.918,68.0,2026-07-18T19:33:09
GLUE,2026-07-17,10,high,24.56,4.24,5.907,59.6,2026-07-18T19:33:09
GLUE,2026-07-17,20,high,24.56,11.881,14.807,57.29,2026-07-18T19:33:09
NBTX,2026-07-17,1,high,37.79,3.594,5.887,74.49,2026-07-18T19:33:09
NBTX,2026-07-17,5,high,37.79,6.5,12.653,62.0,2026-07-18T19:33:09
NBTX,2026-07-17,10,high,37.79,9.073,18.395,68.69,2026-07-18T19:33:09
NBTX,2026-07-17,20,high,37.79,14.977,26.657,71.13,2026-07-18T19:33:09
LYEL,2026-07-17,1,high,13.32,4.727,4.108,91.0,2026-07-18T19:33:09
LYEL,2026-07-17,5,high,13.32,4.708,6.567,58.0,2026-07-18T19:33:09
LYEL,2026-07-17,10,high,13.32,4.495,,46.46,2026-07-18T19:33:09
LYEL,2026-07-17,20,high,13.32,3.861,,35.05,2026-07-18T19:33:09
AVR,2026-07-17,1,high,8.45,3.66,3.054,92.5,2026-07-18T19:33:09
AVR,2026-07-17,5,high,8.45,3.467,6.32,79.75,2026-07-18T19:33:09
AVR,2026-07-17,10,high,8.45,-2.715,-5.725,76.92,2026-07-18T19:33:09
AVR,2026-07-17,20,high,8.45,-6.624,-18.405,84.21,2026-07-18T19:33:09
RXRX,2026-07-17,1,high,2.94,4.06,4.299,84.38,2026-07-18T19:33:09
RXRX,2026-07-17,5,high,2.94,3.996,9.393,58.16,2026-07-18T19:33:09
RXRX,2026-07-17,10,high,2.94,4.776,,49.49,2026-07-18T19:33:09
RXRX,2026-07-17,20,high,2.94,4.249,17.655,60.42,2026-07-18T19:33:09
AEVA,2026-07-17,1,high,16.71,5.016,7.058,87.0,2026-07-18T19:33:09
AEVA,2026-07-17,5,high,16.71,7.88,16.744,69.0,2026-07-18T19:33:09
AEVA,2026-07-17,10,high,16.71,10.859,15.867,61.62,2026-07-18T19:33:09
AEVA,2026-07-17,20,high,16.71,15.774,27.309,75.26,2026-07-18T19:33:09
HSAI,2026-07-17,1,high,15.0,2.96,2.806,69.7,2026-07-18T19:33:09
HSAI,2026-07-17,5,high,15.0,2.756,,50.0,2026-07-18T19:33:09
HSAI,2026-07-17,10,high,15.0,4.284,,37.37,2026-07-18T19:33:09
HSAI,2026-07-17,20,high,15.0,-1.244,,26.8,2026-07-18T19:33:09
FULC,2026-07-17,1,high,3.65,3.722,3.437,88.78,2026-07-18T19:33:09
FULC,2026-07-17,5,high,3.65,1.805,2.347,56.57,2026-07-18T19:33:09
FULC,2026-07-17,10,high,3.65,2.246,,41.41,2026-07-18T19:33:09
FULC,2026-07-17,20,high,3.65,8.454,,29.17,2026-07-18T19:33:09
FGI,2026-07-17,1,high,4.32,6.437,11.545,86.87,2026-07-18T19:33:09
FGI,2026-07-17,5,high,4.32,7.237,29.247,55.0,2026-07-18T19:33:09
FGI,2026-07-17,10,high,4.32,7.666,,51.52,2026-07-18T19:33:09
FGI,2026-07-17,20,high,4.32,21.474,,40.21,2026-07-18T19:33:09
REAL,2026-07-17,1,high,11.21,4.71,5.596,83.51,2026-07-18T19:33:09
REAL,2026-07-17,5,high,11.21,9.786,23.054,61.0,2026-07-18T19:33:09
REAL,2026-07-17,10,high,11.21,7.789,19.048,56.57,2026-07-18T19:33:09
REAL,2026-07-17,20,high,11.21,12.078,,48.45,2026-07-18T19:33:09
LRE,2026-07-17,1,high,1.38,4.597,4.071,77.65,2026-07-18T19:33:09
LRE,2026-07-17,5,high,1.38,4.066,2.919,66.67,2026-07-18T19:33:09
LRE,2026-07-17,10,high,1.38,3.707,3.198,69.47,2026-07-18T19:33:09
LRE,2026-07-17,20,high,1.38,3.563,3.664,64.84,2026-07-18T19:33:09
NVTS,2026-07-17,1,high,11.46,5.44,7.928,80.0,2026-07-18T19:33:09
NVTS,2026-07-17,5,high,11.46,6.301,,43.0,2026-07-18T19:33:09
NVTS,2026-07-17,10,high,11.46,11.5,48.417,63.64,2026-07-18T19:33:09
NVTS,2026-07-17,20,high,11.46,22.39,81.924,70.1,2026-07-18T19:33:09
ALMS,2026-07-17,1,high,28.66,4.629,2.448,83.84,2026-07-18T19:33:09
ALMS,2026-07-17,5,high,28.66,5.672,4.853,62.63,2026-07-18T19:33:09
ALMS,2026-07-17,10,high,28.66,6.436,,52.53,2026-07-18T19:33:09
ALMS,2026-07-17,20,high,28.66,10.132,,53.61,2026-07-18T19:33:09
ALAB,2026-07-17,1,high,303.62,3.909,6.348,82.0,2026-07-18T19:33:09
ALAB,2026-07-17,5,high,303.62,6.141,25.597,75.0,2026-07-18T19:33:09
ALAB,2026-07-17,10,high,303.62,9.27,44.515,73.47,2026-07-18T19:33:09
ALAB,2026-07-17,20,high,303.62,16.71,,,2026-07-18T19:33:09
VRM,2026-07-17,1,high,7.13,6.534,11.975,88.57,2026-07-18T19:33:09
VRM,2026-07-17,5,high,7.13,7.369,,,2026-07-18T19:33:09
VRM,2026-07-17,10,high,7.13,1.164,5.714,55.07,2026-07-18T19:33:09
VRM,2026-07-17,20,high,7.13,-1.289,,,2026-07-18T19:33:09
CCCC,2026-07-17,1,high,3.69,4.515,6.559,92.93,2026-07-18T19:33:09
CCCC,2026-07-17,5,high,3.69,4.985,19.175,74.0,2026-07-18T19:33:09
CCCC,2026-07-17,10,high,3.69,5.411,32.219,76.53,2026-07-18T19:33:09
CCCC,2026-07-17,20,high,3.69,5.523,,54.17,2026-07-18T19:33:09
LSE,2026-07-17,1,high,4.4,4.447,5.335,88.16,2026-07-18T19:33:09
LSE,2026-07-17,5,high,4.4,3.626,4.534,71.43,2026-07-18T19:33:09
LSE,2026-07-17,10,high,4.4,4.202,5.102,64.94,2026-07-18T19:33:09
LSE,2026-07-17,20,high,4.4,4.841,,,2026-07-18T19:33:09
TKNO,2026-07-17,1,high,5.42,4.918,6.206,90.91,2026-07-18T19:33:09
TKNO,2026-07-17,5,high,5.42,6.055,17.886,76.0,2026-07-18T19:33:09
TKNO,2026-07-17,10,high,5.42,12.826,51.922,83.84,2026-07-18T19:33:09
TKNO,2026-07-17,20,high,5.42,18.98,105.136,96.88,2026-07-18T19:33:09
ENVX,2026-07-17,1,high,4.72,3.123,3.648,85.86,2026-07-18T19:33:09
ENVX,2026-07-17,5,high,4.72,3.444,9.68,64.65,2026-07-18T19:33:09
ENVX,2026-07-17,10,high,4.72,3.023,13.481,56.12,2026-07-18T19:33:09
ENVX,2026-07-17,20,high,4.72,1.723,,52.58,2026-07-18T19:33:09
LFMD,2026-07-17,1,high,4.15,3.458,5.166,90.91,2026-07-18T19:33:09
LFMD,2026-07-17,5,high,4.15,4.076,16.06,66.67,2026-07-18T19:33:09
LFMD,2026-07-17,10,high,4.15,6.568,41.451,67.68,2026-07-18T19:33:09
LFMD,2026-07-17,20,high,4.15,33.795,241.365,67.71,2026-07-18T19:33:09
MKZR,2026-07-17,1,high,1.67,4.286,1.284,83.33,2026-07-18T19:33:09
MKZR,2026-07-17,5,high,1.67,2.797,2.484,58.59,2026-07-18T19:33:09
MKZR,2026-07-17,10,high,1.67,-6.062,,40.62,2026-07-18T19:33:09
MKZR,2026-07-17,20,high,1.67,-15.007,-174.359,82.29,2026-07-18T19:33:09
SERA,2026-07-17,1,high,2.05,4.535,,,2026-07-18T19:33:09
SERA,2026-07-17,5,high,2.05,3.606,2.044,67.0,2026-07-18T19:33:09
SERA,2026-07-17,10,high,2.05,-0.68,,53.54,2026-07-18T19:33:09
SERA,2026-07-17,20,high,2.05,-0.81,-0.509,60.82,2026-07-18T19:33:09
QS,2026-07-17,1,high,5.86,3.596,4.818,80.61,2026-07-18T19:33:09
QS,2026-07-17,5,high,5.86,3.802,7.057,66.0,2026-07-18T19:33:09
QS,2026-07-17,10,high,5.86,4.907,9.881,59.18,2026-07-18T19:33:09
QS,2026-07-17,20,high,5.86,4.966,,45.83,2026-07-18T19:33:09
OIO,2026-07-17,1,high,2.11,8.498,19.696,79.59,2026-07-18T19:33:09
OIO,2026-07-17,5,high,2.11,5.676,11.37,63.27,2026-07-18T19:33:09
OIO,2026-07-17,10,high,2.11,-0.364,-0.656,59.6,2026-07-18T19:33:09
OIO,2026-07-17,20,high,2.11,20.155,,45.83,2026-07-18T19:33:09
ATOM,2026-07-17,1,high,5.62,5.192,9.872,77.78,2026-07-18T19:33:09
ATOM,2026-07-17,5,high,5.62,4.858,13.244,57.0,2026-07-18T19:33:09
ATOM,2026-07-17,10,high,5.62,-1.275,-3.961,63.27,2026-07-18T19:33:09
ATOM,2026-07-17,20,high,5.62,0.457,,,2026-07-18T19:33:09
RDAC,2026-07-17,1,high,5.55,5.004,,,2026-07-18T19:33:09
RDAC,2026-07-17,5,high,5.55,3.23,,,2026-07-18T19:33:09
RDAC,2026-07-17,10,high,5.55,4.021,,,2026-07-18T19:33:09
RDAC,2026-07-17,20,high,5.55,-6.382,,,2026-07-18T19:33:09
NB,2026-07-17,1,high,4.26,4.108,3.484,77.0,2026-07-18T19:33:09
NB,2026-07-17,5,high,4.26,6.871,6.103,56.57,2026-07-18T19:33:09
NB,2026-07-17,10,high,4.26,9.225,,38.78,2026-07-18T19:33:09
NB,2026-07-17,20,high,4.26,12.479,,40.21,2026-07-18T19:33:09
DUOT,2026-07-17,1,high,8.21,4.339,4.46,87.76,2026-07-18T19:33:09
DUOT,2026-07-17,5,high,8.21,1.868,3.851,58.0,2026-07-18T19:33:09
DUOT,2026-07-17,10,high,8.21,-10.918,,53.06,2026-07-18T19:33:09
DUOT,2026-07-17,20,high,8.21,-14.067,-31.94,71.13,2026-07-18T19:33:09
NMAX,2026-07-17,1,high,8.36,3.322,4.444,90.77,2026-07-18T19:33:09
NMAX,2026-07-17,5,high,8.36,1.436,,,2026-07-18T19:33:09
NMAX,2026-07-17,10,high,8.36,13.643,,,2026-07-18T19:33:09
NMAX,2026-07-17,20,high,8.36,9.732,,,2026-07-18T19:33:09
IMNM,2026-07-17,1,high,22.32,3.17,2.792,92.0,2026-07-18T19:33:09
IMNM,2026-07-17,5,high,22.32,2.945,4.277,67.0,2026-07-18T19:33:09
IMNM,2026-07-17,10,high,22.32,2.143,3.258,60.61,2026-07-18T19:33:09
IMNM,2026-07-17,20,high,22.32,1.639,,45.83,2026-07-18T19:33:09
COIW,2026-07-17,1,high,8.5,2.614,4.492,70.42,2026-07-18T19:33:09
COIW,2026-07-17,5,high,8.5,0.326,,50.0,2026-07-18T19:33:09
COIW,2026-07-17,10,high,8.5,-2.325,-3.706,59.42,2026-07-18T19:33:09
COIW,2026-07-17,20,high,8.5,-11.789,-103.565,68.66,2026-07-18T19:33:09
SKYT,2026-07-17,1,high,31.36,2.449,1.543,82.83,2026-07-18T19:33:09
SKYT,2026-07-17,5,high,31.36,3.2,3.008,60.0,2026-07-18T19:33:09
SKYT,2026-07-17,10,high,31.36,4.395,3.723,60.61,2026-07-18T19:33:09
SKYT,2026-07-17,20,high,31.36,2.96,2.426,59.79,2026-07-18T19:33:09
OLMA,2026-07-17,1,high,11.47,3.016,2.38,88.78,2026-07-18T19:33:09
OLMA,2026-07-17,5,high,11.47,-0.747,-0.911,56.0,2026-07-18T19:33:09
OLMA,2026-07-17,10,high,11.47,-1.656,,41.41,2026-07-18T19:33:09
OLMA,2026-07-17,20,high,11.47,10.122,,26.8,2026-07-18T19:33:09
